Date,Open,High,Low,Close,Adj Close,Volume
2015-08-24,59.290001,62.919998,50.070000,60.250000,52.149673,36339100
2015-08-25,63.099998,63.320000,59.730000,59.910000,51.855396,31772500
2015-08-26,61.799999,62.980000,60.549999,62.910000,54.452053,33576800
2015-08-27,63.980000,64.730003,63.139999,64.480003,55.810982,29045700
2015-08-28,64.290001,64.459999,63.599998,64.129997,55.508018,16687300
2015-08-31,63.610001,64.349998,63.470001,64.099998,55.482063,14223400
2015-09-01,62.849998,62.849998,60.990002,61.450001,53.188351,23637300
2015-09-02,62.619999,62.910000,61.540001,62.570000,54.157761,17757900
2015-09-03,62.880001,63.660000,62.450001,62.680000,54.252979,17065400
2015-09-04,61.799999,61.919998,60.750000,61.500000,53.231617,20189000
2015-09-08,62.770000,63.200001,62.330002,63.160000,54.668442,13385100
2015-09-09,63.939999,64.339996,62.000000,62.180000,53.820194,13889500
2015-09-10,61.860001,63.000000,61.450001,62.660000,54.235664,15751100
2015-09-11,62.380001,62.660000,61.990002,62.560001,54.149097,12766700
2015-09-14,62.639999,62.689999,62.119999,62.380001,53.993309,10202800
2015-09-15,62.759998,63.889999,62.509998,63.580002,55.031979,14023500
2015-09-16,63.889999,64.290001,63.209999,64.139999,55.516689,12235900
2015-09-17,64.139999,64.639999,62.389999,62.650002,54.227009,21249200
2015-09-18,61.830002,61.830002,60.779999,60.939999,52.746910,31008000
2015-09-21,61.520000,61.910000,61.080002,61.450001,53.188351,13136400
2015-09-22,60.599998,61.090000,60.419998,60.910000,52.720947,14811900
2015-09-23,60.799999,61.150002,60.320000,60.639999,52.487236,11712200
2015-09-24,60.009998,60.380001,59.459999,60.220001,52.123711,17293400
2015-09-25,61.270000,61.860001,60.869999,61.470001,53.205658,18384300
2015-09-28,60.919998,61.009998,59.689999,59.980000,51.915974,17452200
2015-09-29,59.980000,60.130001,58.730000,59.840000,51.794796,19334900
2015-09-30,60.700001,61.000000,60.110001,60.970001,52.772877,18743800
2015-10-01,61.119999,61.869999,60.540001,61.419998,53.162376,16863200
2015-10-02,59.590000,60.860001,58.529999,60.810001,53.014172,20435100
2015-10-05,61.240002,62.240002,61.220001,62.020000,54.069050,13471100
2015-10-06,62.110001,62.360001,61.619999,62.049999,54.095207,12134800
2015-10-07,62.549999,63.029999,61.759998,62.130001,54.164944,12773100
2015-10-08,61.849998,62.250000,61.430000,62.130001,54.164944,13964600
2015-10-09,62.389999,62.549999,61.580002,61.930000,53.990582,12112000
2015-10-12,61.840000,62.009998,61.400002,61.720001,53.807510,10857400
2015-10-13,61.389999,62.160000,61.310001,61.549999,53.659302,15621900
2015-10-14,60.759998,60.970001,59.540001,59.990002,52.299294,28989400
2015-10-15,60.470001,61.959999,60.099998,61.889999,53.955708,18147900
2015-10-16,62.430000,62.650002,62.090000,62.430000,54.426491,17456600
2015-10-19,62.000000,62.770000,61.910000,62.220001,54.243408,14510400
2015-10-20,62.360001,62.820000,62.080002,62.520000,54.504940,11545100
2015-10-21,62.880001,62.959999,62.049999,62.060001,54.103912,12113400
2015-10-22,62.419998,63.580002,62.419998,63.189999,55.089050,15295700
2015-10-23,63.630001,64.190002,63.500000,63.869999,55.681885,16985200
2015-10-26,63.840000,63.990002,63.410000,63.900002,55.708035,13880200
2015-10-27,63.529999,63.860001,63.310001,63.639999,55.481350,8831900
2015-10-28,63.700001,65.739998,63.689999,65.500000,57.102901,17962000
2015-10-29,65.260002,65.830002,64.879997,65.209999,56.850082,12753700
2015-10-30,65.300003,65.339996,64.129997,64.250000,56.013157,15731400
2015-11-02,64.449997,65.750000,64.389999,65.540001,57.137783,15253300
2015-11-03,65.290001,66.099998,65.169998,65.779999,57.347012,11519500
2015-11-04,66.010002,66.150002,65.629997,65.849998,57.408039,11388400
2015-11-05,65.790001,66.669998,65.750000,66.440002,57.922409,12715900
2015-11-06,68.370003,69.029999,68.099998,68.459999,59.683449,23262700
2015-11-09,68.699997,68.720001,67.080002,67.389999,58.750614,17143800
2015-11-10,67.190002,67.849998,66.930000,67.680000,59.003433,13239700
2015-11-11,68.099998,68.169998,67.250000,67.349998,58.715748,8513900
2015-11-12,66.860001,66.900002,65.949997,66.000000,57.538818,13576900
2015-11-13,65.839996,66.169998,65.230003,65.559998,57.155228,11837000
2015-11-16,65.459999,66.580002,65.169998,66.510002,57.983433,11041100
2015-11-17,66.669998,66.739998,65.889999,66.129997,57.652149,12354800
2015-11-18,66.480003,67.550003,66.370003,67.449997,58.802917,12911400
2015-11-19,67.580002,67.820000,67.040001,67.660004,58.986004,12839500
2015-11-20,67.989998,68.110001,67.379997,67.540001,58.881386,11209600
2015-11-23,67.309998,67.580002,66.779999,66.879997,58.305988,11339000
2015-11-24,66.169998,67.139999,66.040001,66.779999,58.218815,10910000
2015-11-25,66.930000,67.120003,66.550003,66.860001,58.288563,7772000
2015-11-27,67.000000,67.330002,66.639999,67.169998,58.558815,4052500
2015-11-30,67.279999,67.519997,66.680000,66.680000,58.131638,15147500
2015-12-01,67.339996,67.830002,66.989998,67.610001,58.942413,12708800
2015-12-02,67.830002,67.879997,66.480003,66.660004,58.114201,13440900
2015-12-03,66.830002,67.029999,65.580002,65.800003,57.364460,14626900
2015-12-04,66.099998,68.000000,66.029999,67.889999,59.186512,17786000
2015-12-07,67.660004,67.750000,66.400002,67.000000,58.410599,11686000
2015-12-08,66.250000,66.959999,65.699997,65.959999,57.503944,13084500
2015-12-09,65.610001,66.580002,65.040001,65.459999,57.068043,16770200
2015-12-10,65.540001,66.500000,65.080002,65.610001,57.198811,12839000
2015-12-11,64.800003,65.160004,63.509998,64.070000,55.856239,17889300
2015-12-14,64.230003,64.760002,63.599998,64.269997,56.030598,17638200
2015-12-15,65.070000,66.650002,65.070000,66.099998,57.625988,18126600
2015-12-16,66.910004,67.739998,65.910004,67.529999,58.872650,21720000
2015-12-17,67.900002,68.000000,66.080002,66.279999,57.782913,18122100
2015-12-18,65.970001,65.970001,64.400002,64.400002,56.143929,23819600
2015-12-21,65.019997,65.559998,64.830002,65.540001,57.137783,18869300
2015-12-22,65.919998,66.000000,64.980003,65.680000,57.259834,12149500
2015-12-23,66.120003,66.849998,66.050003,66.730003,58.175228,12524500
2015-12-24,66.620003,66.889999,66.320000,66.599998,58.061897,4468200
2015-12-28,66.290001,66.449997,65.709999,66.379997,57.870090,6610600
2015-12-29,66.839996,67.300003,66.739998,67.070000,58.471645,9820800
2015-12-30,67.040001,67.050003,66.449997,66.589996,58.053162,7190700
2015-12-31,66.190002,66.779999,66.000000,66.029999,57.564957,14654300
2016-01-04,63.950001,64.059998,63.009998,63.619999,55.835995,25393200
2016-01-05,63.700001,64.129997,63.040001,63.730000,55.932541,16566700
2016-01-06,62.720001,63.130001,62.340000,62.810001,55.125099,22961500
2016-01-07,61.459999,62.000000,60.080002,60.270000,52.895874,27630900
2016-01-08,61.130001,61.270000,58.849998,58.919998,51.711048,22373300
2016-01-11,58.830002,59.220001,58.040001,58.830002,51.632065,20925500
2016-01-12,59.450001,59.560001,58.099998,58.959999,51.746151,22971600
2016-01-13,59.459999,59.680000,56.910000,57.340000,50.324356,28808100
2016-01-14,58.160000,59.380001,57.290001,58.200001,51.079140,31296300
2016-01-15,56.450001,57.570000,56.220001,57.040001,50.061077,38131700
2016-01-19,57.730000,57.970001,56.509998,57.009998,50.034740,22818900
2016-01-20,55.630001,56.180000,54.660000,55.509998,48.718266,34646100
2016-01-21,55.740002,56.520000,55.060001,55.250000,48.490078,31301100
2016-01-22,56.439999,57.160000,56.299999,56.950001,49.982082,22732200
2016-01-25,56.480000,56.849998,55.599998,55.660000,48.849915,21114400
2016-01-26,55.849998,57.150002,55.810001,57.080002,50.096180,17535700
2016-01-27,57.080002,58.270000,56.560001,57.040001,50.061077,20560000
2016-01-28,57.520000,57.970001,56.630001,57.279999,50.271706,15497900
2016-01-29,57.830002,59.540001,57.509998,59.500000,52.220085,26992200
2016-02-01,59.160000,59.650002,58.439999,58.860001,51.658394,16807900
2016-02-02,57.880001,57.980000,56.750000,57.029999,50.052292,22448200
2016-02-03,57.369999,57.799999,55.020000,57.410000,50.385799,31543200
2016-02-04,57.060001,58.520000,57.060001,58.400002,51.254673,21651300
2016-02-05,58.580002,59.139999,57.419998,57.750000,50.684200,22001300
2016-02-08,56.689999,56.919998,55.540001,56.540001,49.622250,28267600
2016-02-09,55.290001,56.689999,55.130001,56.200001,49.323845,26300000
2016-02-10,56.570000,57.410000,55.470001,55.520000,48.727047,22389600
2016-02-11,53.900002,53.910000,52.500000,53.070000,46.576813,44334700
2016-02-12,55.650002,57.570000,55.169998,57.490002,50.456017,37011400
2016-02-16,58.230000,58.599998,57.639999,58.349998,51.210789,23730700
2016-02-17,58.849998,59.250000,58.389999,58.770000,51.579399,21580100
2016-02-18,58.840000,58.860001,57.250000,57.810001,50.736862,17037800
2016-02-19,57.500000,58.169998,57.080002,57.820000,50.745636,15658200
2016-02-22,58.509998,58.880001,58.419998,58.570000,51.403873,14882800
2016-02-23,57.900002,58.090000,55.959999,56.119999,49.253635,31772500
2016-02-24,55.200001,56.209999,54.330002,56.139999,49.271183,25560100
2016-02-25,56.130001,57.029999,56.040001,57.009998,50.034740,14473300
2016-02-26,57.639999,58.110001,57.139999,57.540001,50.499886,20947500
2016-02-29,57.410000,57.610001,56.290001,56.299999,49.411602,19554100
2016-03-01,56.759998,59.200001,56.669998,59.200001,51.956791,23958100
2016-03-02,59.200001,59.900002,58.959999,59.759998,52.448269,20943100
2016-03-03,59.580002,59.959999,59.099998,59.959999,52.623802,15790600
2016-03-04,60.099998,60.549999,59.529999,60.049999,52.702793,18459000
2016-03-07,59.540001,60.049999,59.320000,59.939999,52.606243,12832400
2016-03-08,59.209999,59.500000,58.680000,58.779999,51.588173,14132900
2016-03-09,59.150002,59.540001,58.680000,59.119999,51.886578,13238800
2016-03-10,59.590000,59.669998,57.810001,58.610001,51.438980,21139200
2016-03-11,59.389999,59.509998,58.650002,59.340000,52.079655,21055000
2016-03-14,59.150002,59.310001,58.599998,59.119999,51.886578,13436100
2016-03-15,58.540001,59.209999,58.430000,59.200001,51.956791,10910500
2016-03-16,58.980000,59.750000,58.470001,58.919998,51.711048,17423900
2016-03-17,58.770000,59.130001,57.990002,58.750000,51.561848,19405700
2016-03-18,60.049999,60.970001,59.660000,60.480000,53.080185,29570200
2016-03-21,60.220001,60.820000,59.959999,60.459999,53.062622,12684400
2016-03-22,59.990002,60.580002,59.619999,60.240002,52.869537,12042700
2016-03-23,60.340000,60.509998,59.860001,59.939999,52.606243,11658700
2016-03-24,59.299999,59.509998,58.869999,59.480000,52.202534,12921200
2016-03-28,59.529999,59.750000,59.180000,59.400002,52.132328,11159700
2016-03-29,59.330002,59.330002,58.529999,59.029999,51.807583,15933400
2016-03-30,59.459999,60.230000,59.380001,59.709999,52.404396,13307100
2016-03-31,59.450001,59.930000,59.110001,59.220001,51.974339,14904700
2016-04-01,59.020000,60.060001,58.560001,59.869999,52.544819,15417500
2016-04-04,59.439999,59.570000,58.959999,59.200001,52.341465,12305000
2016-04-05,58.590000,58.830002,58.209999,58.360001,51.598778,12886600
2016-04-06,58.180000,58.880001,57.950001,58.810001,51.996647,12167900
2016-04-07,58.259998,58.430000,57.070000,57.320000,50.679276,19226800
2016-04-08,57.709999,58.580002,57.689999,57.740002,51.050606,13547700
2016-04-11,57.910000,58.880001,57.910000,58.200001,51.457317,17627800
2016-04-12,58.340000,59.389999,58.200001,59.279999,52.412189,17779200
2016-04-13,60.480000,62.160000,60.380001,61.790001,54.631405,37516800
2016-04-14,61.689999,62.910000,61.610001,62.590000,55.338718,24249900
2016-04-15,62.880001,62.900002,61.450001,61.869999,54.702133,19290700
2016-04-18,61.639999,62.580002,61.529999,62.270000,55.055794,13813100
2016-04-19,62.549999,63.480000,62.549999,63.320000,55.984146,19255600
2016-04-20,63.480000,64.309998,63.150002,64.239998,56.797550,14594400
2016-04-21,64.260002,64.660004,63.340000,63.599998,56.231701,15395800
2016-04-22,63.639999,64.379997,63.639999,63.970001,56.558842,12444700
2016-04-25,63.599998,63.950001,63.150002,63.599998,56.231701,10687200
2016-04-26,63.810001,64.070000,63.330002,63.930000,56.523472,12048000
2016-04-27,63.860001,64.639999,63.599998,64.110001,56.682617,15284100
2016-04-28,63.639999,64.419998,63.349998,63.599998,56.231701,12852500
2016-04-29,63.090000,63.610001,62.700001,63.200001,55.878052,16376400
2016-05-02,63.689999,64.000000,63.139999,63.790001,56.399696,10247300
2016-05-03,62.900002,62.910000,61.799999,62.560001,55.312195,19120300
2016-05-04,61.750000,62.259998,61.270000,61.570000,54.436893,17030200
2016-05-05,61.599998,62.000000,61.060001,61.240002,54.145123,14033900
2016-05-06,60.700001,61.680000,60.590000,61.599998,54.463406,11057900
2016-05-09,61.369999,61.889999,61.049999,61.209999,54.118595,11197100
2016-05-10,61.549999,62.259998,61.349998,62.040001,54.852432,11897200
2016-05-11,61.970001,62.599998,61.810001,61.810001,54.649086,11254000
2016-05-12,62.270000,62.560001,61.369999,61.770000,54.613716,11071700
2016-05-13,61.700001,62.400002,61.020000,61.200001,54.109756,15122300
2016-05-16,61.209999,61.990002,61.000000,61.660000,54.516457,10951300
2016-05-17,61.430000,62.160000,61.150002,61.660000,54.516457,12180900
2016-05-18,61.700001,64.169998,61.689999,64.040001,56.620724,24007100
2016-05-19,63.529999,64.220001,62.900002,63.389999,56.046032,16076200
2016-05-20,63.860001,64.190002,63.369999,63.509998,56.152126,11862000
2016-05-23,63.450001,63.869999,63.160000,63.459999,56.107922,9347500
2016-05-24,63.939999,64.769997,63.810001,64.540001,57.062805,13839400
2016-05-25,64.940002,66.199997,64.919998,65.519997,57.929276,18935200
2016-05-26,65.570000,65.580002,64.910004,65.029999,57.496029,9428400
2016-05-27,65.209999,65.459999,65.050003,65.430000,57.849701,10116000
2016-05-31,65.730003,65.820000,64.959999,65.269997,57.708221,15139400
2016-06-01,64.760002,65.919998,64.260002,65.690002,58.079567,14031000
2016-06-02,65.519997,65.809998,65.160004,65.809998,58.185661,10637600
2016-06-03,64.250000,64.860001,63.549999,64.639999,57.151211,20261700
2016-06-06,64.639999,65.760002,64.599998,65.279999,57.717068,13193500
2016-06-07,65.449997,65.739998,65.040001,65.059998,57.522556,9924100
2016-06-08,64.930000,65.480003,64.919998,65.250000,57.690540,9428000
2016-06-09,64.790001,64.900002,64.269997,64.750000,57.248474,10817800
2016-06-10,63.930000,64.070000,63.580002,63.840000,56.443905,16678400
2016-06-13,63.480000,64.339996,63.259998,63.270000,55.939938,14314900
2016-06-14,62.680000,63.470001,61.680000,62.080002,54.887810,19509300
2016-06-15,62.410000,62.980000,61.910000,61.970001,54.790546,16982100
2016-06-16,61.450001,62.299999,60.900002,62.220001,55.011585,16791200
2016-06-17,62.299999,62.709999,61.930000,62.279999,55.064632,15751500
2016-06-20,63.450001,63.849998,62.340000,62.369999,55.144203,12213200
2016-06-21,62.730000,63.000000,62.139999,62.950001,55.657013,11611600
2016-06-22,62.950001,63.709999,62.680000,62.709999,55.444817,12643500
2016-06-23,63.700001,64.150002,63.529999,64.050003,56.629570,16583600
2016-06-24,60.480000,61.700001,59.340000,59.599998,52.695118,44108700
2016-06-27,58.709999,58.750000,57.049999,57.610001,50.935669,37300700
2016-06-28,59.189999,59.549999,58.259998,59.520000,52.624386,29088700
2016-06-29,60.360001,61.209999,60.000000,61.200001,54.109756,21483000
2016-06-30,61.630001,62.189999,61.020000,62.139999,54.940845,21343600
2016-07-01,61.660000,62.009998,61.160000,61.259998,54.584431,14217800
2016-07-05,60.450001,60.599998,59.099998,59.549999,53.060780,23357700
2016-07-06,59.009998,60.290001,58.759998,60.189999,53.631042,20429800
2016-07-07,60.520000,61.139999,60.160000,60.580002,53.978539,13771400
2016-07-08,61.330002,62.169998,61.330002,61.830002,55.092323,16998800
2016-07-11,62.419998,62.950001,62.139999,62.270000,55.484379,13151400
2016-07-12,63.029999,63.560001,62.889999,63.200001,56.313034,16588100
2016-07-13,63.080002,63.430000,62.639999,63.160000,56.277397,18526900
2016-07-14,64.739998,64.980003,64.050003,64.120003,57.132782,28985900
2016-07-15,64.750000,64.800003,63.610001,64.180000,57.186249,17607100
2016-07-18,64.129997,64.400002,63.900002,63.959999,56.990215,10824400
2016-07-19,63.610001,64.099998,63.459999,63.860001,56.901115,9737400
2016-07-20,64.110001,64.230003,63.709999,63.930000,56.963482,10411100
2016-07-21,64.000000,64.180000,63.630001,63.689999,56.749630,9808700
2016-07-22,63.900002,64.089996,63.599998,64.040001,57.061501,8195700
2016-07-25,63.980000,64.169998,63.680000,63.869999,56.910030,8168300
2016-07-26,63.980000,64.260002,63.709999,64.129997,57.141682,8067800
2016-07-27,64.080002,64.690002,64.059998,64.330002,57.319893,11806800
2016-07-28,64.000000,64.190002,63.720001,64.099998,57.114964,10013400
2016-07-29,63.799999,64.290001,63.750000,63.970001,56.999126,13210400
2016-08-01,64.150002,64.309998,63.610001,63.799999,56.847652,11422600
2016-08-02,63.590000,64.010002,63.380001,63.650002,56.713997,13550000
2016-08-03,63.689999,64.669998,63.650002,64.660004,57.613934,13122300
2016-08-04,64.489998,64.820000,64.269997,64.559998,57.524826,9873000
2016-08-05,65.139999,66.370003,65.070000,66.300003,59.075226,20752700
2016-08-08,66.070000,66.489998,65.839996,66.099998,58.897011,11359200
2016-08-09,66.180000,66.279999,65.690002,65.870003,58.692078,10097000
2016-08-10,65.919998,66.070000,65.160004,65.279999,58.166370,11556100
2016-08-11,65.269997,65.690002,65.019997,65.459999,58.326752,9604500
2016-08-12,64.970001,65.349998,64.860001,65.320000,58.202007,7685400
2016-08-15,65.559998,65.830002,65.459999,65.720001,58.558430,8371600
2016-08-16,65.360001,65.959999,65.239998,65.709999,58.549519,10128900
2016-08-17,65.800003,65.980003,65.540001,65.889999,58.709904,11868100
2016-08-18,65.620003,65.989998,65.529999,65.949997,58.763363,9313600
2016-08-19,65.720001,65.910004,65.220001,65.860001,58.683163,9084900
2016-08-22,65.750000,65.879997,65.410004,65.800003,58.629711,9055600
2016-08-23,66.070000,66.339996,65.760002,65.769997,58.602982,8949600
2016-08-24,65.989998,66.230003,65.769997,65.949997,58.763363,10167200
2016-08-25,65.910004,66.139999,65.790001,66.070000,58.870285,9978700
2016-08-26,66.330002,66.879997,65.849998,66.220001,59.003948,14038600
2016-08-29,66.489998,67.099998,66.459999,66.949997,59.654400,14583100
2016-08-30,66.949997,67.599998,66.949997,67.500000,60.144459,13791200
2016-08-31,67.459999,67.769997,66.860001,67.500000,60.144459,14952300
2016-09-01,67.639999,67.720001,66.650002,67.209999,59.886063,12226500
2016-09-02,67.400002,67.580002,66.980003,67.489998,60.135563,13720700
2016-09-06,67.500000,67.550003,66.709999,67.440002,60.090996,16649400
2016-09-07,67.160004,67.589996,66.959999,67.160004,59.841515,10070400
2016-09-08,67.220001,67.680000,67.000000,67.250000,59.921700,12253000
2016-09-09,67.029999,67.430000,66.639999,66.650002,59.387093,19686900
2016-09-12,66.139999,67.300003,65.760002,67.059998,59.752419,16453000
2016-09-13,66.110001,66.860001,65.820000,66.529999,59.280163,18876100
2016-09-14,66.269997,67.250000,66.209999,66.400002,59.164322,12648600
2016-09-15,66.290001,66.930000,66.089996,66.639999,59.378174,12531300
2016-09-16,66.089996,66.260002,65.440002,65.820000,58.647533,25161500
2016-09-19,66.150002,66.639999,65.849998,66.190002,58.977203,13466900
2016-09-20,66.750000,66.849998,66.239998,66.459999,59.217781,10092200
2016-09-21,66.839996,67.129997,66.309998,66.839996,59.556381,14116800
2016-09-22,66.989998,67.419998,66.839996,67.389999,60.046440,12781700
2016-09-23,67.389999,67.900002,67.180000,67.250000,59.921700,13967400
2016-09-26,66.599998,66.800003,65.540001,65.779999,58.611881,16408100
2016-09-27,65.410004,66.410004,65.110001,66.360001,59.128689,13711400
2016-09-28,66.580002,66.769997,65.989998,66.709999,59.440536,11278000
2016-09-29,66.699997,67.209999,65.349998,65.650002,58.496052,18727200
2016-09-30,66.080002,67.059998,66.080002,66.589996,59.333618,21680100
2016-10-03,66.349998,66.919998,66.260002,66.510002,59.262333,14901700
2016-10-04,66.209999,67.180000,66.099998,66.599998,59.773922,17226900
2016-10-05,66.889999,68.070000,66.800003,67.690002,60.752205,16280000
2016-10-06,67.730003,67.970001,67.050003,67.870003,60.913746,17485000
2016-10-07,67.790001,68.180000,67.400002,68.110001,61.129162,18497000
2016-10-10,68.339996,69.059998,68.230003,68.639999,61.604824,13027500
2016-10-11,68.500000,68.820000,67.930000,68.309998,61.308651,15657100
2016-10-12,68.260002,68.589996,68.050003,68.129997,61.147099,11899800
2016-10-13,67.459999,67.870003,66.820000,67.739998,60.797077,17890000
2016-10-14,68.800003,69.029999,67.300003,67.519997,60.599625,24163800
2016-10-17,67.419998,67.790001,66.739998,67.169998,60.285496,14963400
2016-10-18,67.849998,68.209999,67.540001,67.699997,60.761166,11870300
2016-10-19,67.809998,68.500000,67.809998,68.349998,61.344551,12705800
2016-10-20,68.080002,68.680000,67.940002,68.260002,61.263779,14122000
2016-10-21,67.809998,68.529999,67.699997,68.489998,61.470203,12175700
2016-10-24,68.970001,69.050003,68.500000,68.870003,61.811253,10197100
2016-10-25,68.879997,68.930000,68.379997,68.800003,61.748432,9945100
2016-10-26,68.370003,69.250000,68.370003,69.129997,62.044613,9801300
2016-10-27,69.489998,69.769997,69.099998,69.230003,62.134354,14210700
2016-10-28,69.529999,69.550003,68.470001,69.110001,62.026657,12766500
2016-10-31,69.430000,69.580002,69.230003,69.260002,62.161285,14336300
2016-11-01,69.480003,69.779999,68.330002,68.970001,61.901009,15564500
2016-11-02,68.650002,68.849998,68.010002,68.680000,61.640736,12449800
2016-11-03,68.860001,69.190002,68.220001,68.379997,61.371475,10369700
2016-11-04,68.489998,68.559998,67.639999,67.760002,60.815022,13571300
2016-11-07,69.080002,69.970001,69.000000,69.879997,62.717739,16515100
2016-11-08,69.699997,70.550003,69.239998,70.029999,62.852371,17531700
2016-11-09,71.459999,74.150002,71.320000,73.250000,65.742332,50948400
2016-11-10,74.220001,77.250000,74.220001,76.650002,68.793846,56192300
2016-11-11,76.300003,76.720001,75.769997,76.690002,68.829765,27574300
2016-11-14,77.250000,80.440002,77.250000,79.510002,71.360733,46130700
2016-11-15,78.370003,79.410004,77.779999,79.360001,71.226105,28126300
2016-11-16,78.220001,78.349998,76.879997,77.400002,69.466995,26054900
2016-11-17,77.930000,78.459999,77.599998,78.019997,70.023453,19306700
2016-11-18,77.959999,78.419998,77.550003,77.709999,69.745216,19770000
2016-11-21,78.000000,78.169998,77.290001,78.050003,70.050385,11983500
2016-11-22,78.349998,78.559998,77.760002,78.529999,70.481163,14410100
2016-11-23,78.870003,79.239998,77.889999,78.860001,70.777336,13373700
2016-11-25,79.099998,79.449997,78.470001,78.830002,70.750427,6185700
2016-11-28,78.180000,78.870003,78.019997,78.320000,70.292686,13007200
2016-11-29,78.389999,79.160004,78.389999,78.919998,70.831192,14144100
2016-11-30,79.919998,80.529999,79.699997,80.169998,71.953056,25351900
2016-12-01,80.650002,82.279999,80.650002,81.790001,73.407036,23823600
2016-12-02,81.800003,81.830002,80.900002,81.599998,73.236526,16931500
2016-12-05,82.300003,83.290001,82.290001,83.260002,74.726364,18529800
2016-12-06,83.599998,83.809998,82.430000,83.690002,75.112305,16130000
2016-12-07,83.550003,84.089996,82.849998,84.070000,75.453362,18996900
2016-12-08,84.230003,85.500000,83.940002,85.120003,76.395721,20844900
2016-12-09,85.019997,85.500000,84.139999,85.489998,76.727798,14567200
2016-12-12,85.360001,85.790001,84.290001,84.730003,76.045708,14511300
2016-12-13,84.980003,85.669998,83.820000,84.760002,76.072647,16669000
2016-12-14,83.879997,86.120003,83.760002,84.730003,76.045708,22622600
2016-12-15,85.400002,86.489998,84.900002,86.000000,77.185524,19438900
2016-12-16,86.290001,86.290001,84.889999,84.940002,76.234177,23008500
2016-12-19,84.800003,85.440002,84.190002,85.430000,76.673973,21685100
2016-12-20,85.790001,86.540001,85.550003,86.529999,77.661224,14587300
2016-12-21,86.430000,86.809998,86.029999,86.750000,77.858665,11400500
2016-12-22,86.440002,87.169998,86.209999,86.889999,77.984322,13924200
2016-12-23,87.000000,87.150002,86.400002,87.050003,78.127930,10759400
2016-12-27,87.050003,87.160004,86.750000,87.129997,78.199715,6946400
2016-12-28,87.160004,87.389999,86.349998,86.500000,77.634293,9455600
2016-12-29,86.580002,86.669998,85.040001,85.889999,77.086815,14689000
2016-12-30,86.099998,86.419998,85.660004,86.290001,77.445816,13617800
2017-01-03,87.339996,87.760002,85.980003,87.230003,78.289482,20550700
2017-01-04,86.959999,87.180000,86.400002,86.910004,78.433876,15266600
2017-01-05,86.809998,87.110001,85.260002,86.110001,77.711906,14300800
2017-01-06,86.389999,86.620003,85.940002,86.120003,77.720917,12893300
2017-01-09,85.730003,86.769997,85.519997,86.180000,77.775063,12806600
2017-01-10,86.070000,86.900002,85.720001,86.430000,78.000671,13989000
2017-01-11,86.430000,87.080002,85.910004,87.080002,78.587288,14713100
2017-01-12,86.760002,87.269997,86.019997,86.239998,77.829208,21337400
2017-01-13,87.110001,88.169998,86.099998,86.699997,78.244362,28296000
2017-01-17,84.930000,85.220001,83.279999,83.550003,75.401566,30024600
2017-01-18,83.629997,84.230003,83.029999,83.940002,75.753532,21270100
2017-01-19,84.059998,84.669998,83.120003,83.300003,75.175949,16555600
2017-01-20,83.430000,83.830002,83.290001,83.669998,75.509857,18436800
2017-01-23,83.300003,84.000000,83.209999,83.709999,75.545967,12179200
2017-01-24,83.919998,85.000000,83.559998,84.720001,76.457451,15175300
2017-01-25,85.839996,86.169998,85.169998,86.029999,77.639702,17551000
2017-01-26,85.949997,86.949997,85.949997,86.750000,78.289482,15962800
2017-01-27,86.660004,86.980003,86.269997,86.930000,78.451920,12535400
2017-01-30,86.190002,86.500000,85.320000,86.029999,77.639702,13661900
2017-01-31,85.599998,86.150002,84.089996,84.629997,76.376221,15655100
2017-02-01,85.540001,86.099998,84.680000,84.949997,76.665009,15430900
2017-02-02,84.339996,84.910004,84.160004,84.589996,76.340126,11081400
2017-02-03,86.190002,87.309998,85.870003,87.180000,78.677544,17885200
2017-02-06,86.790001,87.449997,86.610001,86.769997,78.307518,11828400
2017-02-07,87.139999,87.400002,86.480003,86.720001,78.262413,9392800
2017-02-08,86.180000,86.309998,85.370003,85.959999,77.576523,13970900
2017-02-09,85.959999,87.330002,85.959999,87.199997,78.695587,13749100
2017-02-10,87.480003,87.480003,86.889999,87.000000,78.515099,10992500
2017-02-13,87.440002,88.739998,87.430000,88.150002,79.552940,18739100
2017-02-14,88.300003,89.699997,88.110001,89.559998,80.825409,17932100
2017-02-15,90.080002,90.870003,89.349998,90.589996,81.754967,17381800
2017-02-16,90.400002,91.040001,89.769997,90.529999,81.700798,17672700
2017-02-17,89.820000,90.470001,89.690002,90.230003,81.430084,15776600
2017-02-21,90.510002,91.150002,90.459999,91.010002,82.134010,14068300
2017-02-22,90.519997,91.300003,90.419998,91.059998,82.179108,11839000
2017-02-23,91.180000,91.339996,90.519997,91.129997,82.242310,11067000
2017-02-24,90.180000,90.540001,89.730003,90.330002,81.520340,15062300
2017-02-27,90.320000,90.730003,90.019997,90.430000,81.610573,12361000
2017-02-28,89.849998,90.820000,89.589996,90.620003,81.782036,15183500
2017-03-01,92.790001,93.980003,92.610001,93.599998,84.471397,24451400
2017-03-02,93.870003,93.919998,92.029999,92.139999,83.153801,16862500
2017-03-03,92.139999,93.110001,92.139999,92.800003,83.749420,12817500
2017-03-06,92.250000,92.320000,91.099998,91.919998,82.955246,15059200
2017-03-07,91.639999,92.089996,91.209999,91.410004,82.495003,11156800
2017-03-08,92.680000,92.849998,91.099998,91.209999,82.314484,17378400
2017-03-09,91.599998,92.139999,91.150002,91.570000,82.639397,13726200
2017-03-10,91.949997,92.000000,90.529999,91.279999,82.377670,13729900
2017-03-13,91.309998,91.779999,90.930000,91.360001,82.449860,10004300
2017-03-14,91.019997,91.650002,90.769997,91.510002,82.585228,10237700
2017-03-15,91.800003,92.550003,91.129997,91.730003,82.783783,16601400
2017-03-16,92.029999,92.809998,91.570000,91.639999,82.702576,14492000
2017-03-17,91.830002,92.040001,90.650002,90.680000,81.836189,21734700
2017-03-20,90.269997,91.169998,89.790001,90.029999,81.249573,14623600
2017-03-21,90.360001,90.639999,87.059998,87.389999,78.867065,33089200
2017-03-22,86.889999,88.070000,86.010002,87.529999,78.993408,21741000
2017-03-23,87.209999,88.500000,87.089996,87.389999,78.867065,16090100
2017-03-24,87.790001,88.089996,86.769997,87.290001,78.776810,16093200
2017-03-27,85.529999,87.400002,85.230003,87.239998,78.731682,16689300
2017-03-28,87.019997,89.019997,86.980003,88.599998,79.959045,16264400
2017-03-29,88.599998,88.820000,88.080002,88.269997,79.661217,10207600
2017-03-30,88.199997,89.459999,88.120003,89.029999,80.347115,11631000
2017-03-31,88.709999,88.739998,87.750000,87.839996,79.273178,16987600
2017-04-03,87.989998,88.169998,86.599998,87.519997,78.984383,19831800
2017-04-04,86.889999,87.669998,86.720001,87.309998,79.247597,14280800
2017-04-05,88.419998,88.540001,86.129997,86.190002,78.681610,17635500
2017-04-06,85.980003,86.910004,85.250000,86.480003,78.946350,14379600
2017-04-07,85.930000,86.809998,85.709999,86.180000,78.672470,13097100
2017-04-10,86.080002,86.690002,85.400002,85.879997,78.398598,15081600
2017-04-11,85.540001,85.790001,84.800003,85.730003,78.261681,14690500
2017-04-12,85.930000,85.949997,85.029999,85.400002,77.960426,14730600
2017-04-13,85.500000,86.989998,84.400002,84.400002,77.047554,30529800
2017-04-17,84.440002,86.080002,84.370003,85.860001,78.380348,19071700
2017-04-18,85.360001,85.629997,84.739998,85.160004,77.741341,14127000
2017-04-19,85.500000,85.919998,84.360001,84.459999,77.102303,17588500
2017-04-20,84.980003,85.779999,84.550003,85.550003,78.097366,15635800
2017-04-21,85.500000,85.680000,84.510002,84.519997,77.157082,19820600
2017-04-24,86.550003,88.050003,86.419998,87.500000,79.877487,25468300
2017-04-25,88.550003,89.129997,88.260002,88.260002,80.571289,18253800
2017-04-26,88.349998,89.050003,88.139999,88.430000,80.726479,12832200
2017-04-27,88.370003,88.370003,87.010002,87.610001,79.977905,13329000
2017-04-28,87.599998,87.849998,86.949997,87.000000,79.421036,10755600
2017-05-01,87.360001,87.739998,86.559998,87.059998,79.475822,15712300
2017-05-02,86.709999,86.879997,86.019997,86.500000,78.964592,14414200
2017-05-03,86.059998,87.099998,86.019997,87.000000,79.421036,11540500
2017-05-04,87.690002,87.730003,86.570000,87.099998,79.512321,11540100
2017-05-05,87.250000,87.339996,86.419998,87.000000,79.421036,9436000
2017-05-08,87.040001,87.320000,86.650002,87.099998,79.512321,8162200
2017-05-09,87.260002,87.839996,86.500000,86.750000,79.192810,10273900
2017-05-10,86.529999,87.480003,86.470001,87.430000,79.813583,8334900
2017-05-11,87.089996,87.480003,86.349998,87.160004,79.567093,10907400
2017-05-12,86.680000,87.050003,86.339996,86.919998,79.348007,8738800
2017-05-15,87.099998,87.489998,86.860001,87.339996,79.731407,8835600
2017-05-16,87.360001,88.089996,87.339996,87.610001,79.977905,9795000
2017-05-17,87.610001,87.610001,83.970001,84.269997,76.928841,24679700
2017-05-18,84.070000,84.800003,83.360001,83.959999,76.645874,23350100
2017-05-19,84.209999,85.339996,84.150002,84.779999,77.394424,13412900
2017-05-22,85.180000,85.290001,84.209999,84.699997,77.321396,11636000
2017-05-23,84.750000,86.070000,84.510002,85.760002,78.289070,11753000
2017-05-24,85.879997,85.970001,85.239998,85.709999,78.243439,9833800
2017-05-25,85.989998,86.080002,85.080002,85.349998,77.914772,12238500
2017-05-26,85.110001,85.559998,85.019997,85.360001,77.923897,8113500
2017-05-30,85.129997,85.150002,83.779999,83.900002,76.591095,12603200
2017-05-31,83.730003,83.820000,81.639999,82.150002,74.993546,28327900
2017-06-01,82.459999,83.080002,81.650002,83.059998,75.824272,17123500
2017-06-02,82.290001,82.989998,81.980003,82.639999,75.440849,14998500
2017-06-05,82.639999,83.510002,82.580002,82.790001,75.577805,9080200
2017-06-06,82.290001,83.220001,82.129997,82.959999,75.732994,12196800
2017-06-07,83.309998,84.110001,83.099998,83.910004,76.600227,13711100
2017-06-08,83.910004,85.730003,83.889999,84.949997,77.549614,17951000
2017-06-09,85.510002,87.050003,85.389999,86.959999,79.384529,19120200
2017-06-12,86.959999,87.739998,86.889999,86.980003,79.402794,16053400
2017-06-13,87.550003,87.849998,86.980003,87.269997,79.667526,12557200
2017-06-14,86.769997,87.309998,85.820000,87.089996,79.503197,16175700
2017-06-15,86.250000,87.080002,86.239998,86.570000,79.028481,12509700
2017-06-16,86.849998,86.959999,86.019997,86.180000,78.672470,16936600
2017-06-19,86.970001,88.230003,86.849998,88.070000,80.397835,15972300
2017-06-20,87.750000,87.919998,87.370003,87.519997,79.895744,11197800
2017-06-21,87.480003,87.550003,86.760002,87.120003,79.530602,10005900
2017-06-22,86.930000,87.360001,86.650002,87.019997,79.439308,12180600
2017-06-23,87.660004,88.000000,86.610001,86.860001,79.293243,18812000
2017-06-26,87.010002,87.669998,86.620003,87.239998,79.640121,10082400
2017-06-27,87.709999,88.940002,87.500000,88.050003,80.379585,15415200
2017-06-28,88.599998,90.070000,88.599998,89.820000,81.995384,17466200
2017-06-29,92.339996,92.650002,90.309998,91.150002,83.209518,27697800
2017-06-30,91.959999,92.000000,91.160004,91.400002,83.437744,16892700
2017-07-03,91.559998,93.480003,91.410004,92.750000,85.135872,13208100
2017-07-05,93.120003,93.790001,92.610001,93.680000,85.989517,17535400
2017-07-06,93.540001,94.510002,92.879997,93.379997,85.714149,16596100
2017-07-07,93.959999,94.169998,93.230003,93.849998,86.145569,12817800
2017-07-10,93.500000,93.680000,93.089996,93.190002,85.539757,13987200
2017-07-11,93.330002,93.330002,92.279999,92.830002,85.209297,13262300
2017-07-12,92.610001,92.830002,92.070000,92.510002,84.915573,13540100
2017-07-13,92.690002,93.379997,92.339996,93.099998,85.457138,12820100
2017-07-14,90.809998,92.610001,90.580002,92.250000,84.676903,22235200
2017-07-17,91.820000,91.989998,91.250000,91.389999,83.887512,14374200
2017-07-18,90.449997,91.580002,90.320000,91.070000,83.593781,14719400
2017-07-19,91.339996,91.620003,91.000000,91.199997,83.713112,11651200
2017-07-20,91.150002,91.720001,90.900002,91.199997,83.713112,11561700
2017-07-21,91.059998,91.360001,90.519997,90.889999,83.428543,10971300
2017-07-24,90.959999,91.540001,90.910004,91.279999,83.786537,10725100
2017-07-25,92.370003,93.519997,92.269997,92.800003,85.181755,16447700
2017-07-26,93.099998,93.190002,91.680000,91.930000,84.383186,11815500
2017-07-27,91.830002,92.059998,91.160004,91.550003,84.034386,12332400
2017-07-28,91.449997,91.750000,90.910004,91.279999,83.786537,9351900
2017-07-31,91.510002,92.360001,91.500000,91.800003,84.263855,11520300
2017-08-01,92.489998,93.139999,92.279999,93.029999,85.392883,12523700
2017-08-02,92.870003,93.209999,92.510002,93.110001,85.466331,10165600
2017-08-03,92.699997,93.129997,92.239998,92.500000,84.906395,11078800
2017-08-04,93.500000,94.400002,93.470001,93.660004,85.971169,14324000
2017-08-07,93.889999,94.190002,93.709999,94.019997,86.301598,7978300
2017-08-08,93.949997,95.220001,93.599998,93.680000,85.989517,13745400
2017-08-09,92.980003,93.680000,92.830002,93.529999,85.851830,11214400
2017-08-10,92.900002,93.070000,92.070000,92.190002,84.621834,13252300
2017-08-11,92.129997,92.669998,91.239998,91.419998,83.915062,10679500
2017-08-14,92.370003,92.900002,92.330002,92.489998,84.897217,10994800
2017-08-15,93.309998,93.559998,92.650002,92.730003,85.117516,8812700
2017-08-16,93.040001,93.230003,91.879997,92.089996,84.530045,11085400
2017-08-17,91.760002,91.959999,90.500000,90.650002,83.208275,13837500
2017-08-18,90.309998,91.540001,90.190002,90.739998,83.290871,13040700
2017-08-21,90.849998,90.940002,90.160004,90.629997,83.189903,11502100
2017-08-22,91.070000,91.709999,91.000000,91.559998,84.043549,9211800
2017-08-23,90.870003,92.339996,90.839996,91.669998,84.144531,8811300
2017-08-24,91.930000,92.120003,91.410004,91.519997,84.006836,8623200
2017-08-25,91.879997,92.480003,91.800003,91.889999,84.346458,11794600
2017-08-28,92.160004,92.190002,91.129997,91.599998,84.080269,7292900
2017-08-29,90.449997,91.309998,90.309998,91.099998,83.621315,10886100
2017-08-30,91.250000,91.879997,91.190002,91.309998,83.814087,9165300
2017-08-31,91.809998,91.849998,90.800003,90.889999,83.428543,13217400
2017-09-01,91.250000,92.360001,90.949997,91.699997,84.172050,9815800
2017-09-05,91.019997,91.110001,89.019997,89.510002,82.161850,16897300
2017-09-06,90.000000,90.519997,89.639999,90.110001,82.712601,11845700
2017-09-07,90.110001,90.129997,88.080002,88.529999,81.262299,14592300
2017-09-08,88.309998,89.419998,88.239998,88.419998,81.161331,14242200
2017-09-11,89.389999,90.250000,88.949997,89.790001,82.418861,13219000
2017-09-12,90.169998,91.250000,90.099998,90.889999,83.428543,14003800
2017-09-13,90.610001,91.500000,90.320000,91.150002,83.667221,12485400
2017-09-14,91.199997,91.529999,90.739998,90.970001,83.501991,10562800
2017-09-15,91.080002,91.709999,90.760002,91.620003,84.098625,18171800
2017-09-18,91.930000,93.139999,91.849998,92.919998,85.291908,11318700
2017-09-19,92.709999,94.360001,92.519997,93.940002,86.228172,12626100
2017-09-20,94.099998,95.290001,93.709999,94.599998,86.833992,15311600
2017-09-21,94.459999,95.370003,94.190002,95.029999,87.228691,10851500
2017-09-22,94.699997,94.980003,94.430000,94.830002,87.045113,8358300
2017-09-25,94.510002,94.879997,93.449997,94.120003,86.393410,10463400
2017-09-26,93.779999,94.029999,93.339996,93.699997,86.007881,9358100
2017-09-27,94.970001,95.720001,94.580002,95.180000,87.366379,15090200
2017-09-28,95.589996,95.879997,94.910004,95.379997,87.549973,10270400
2017-09-29,95.300003,95.519997,95.019997,95.510002,87.669289,11438400
2017-10-02,95.769997,96.879997,95.459999,96.839996,88.890114,13797200
2017-10-03,96.830002,97.430000,96.769997,97.349998,89.358246,9633500
2017-10-04,97.300003,97.440002,96.279999,96.360001,88.449509,12166600
2017-10-05,96.000000,97.400002,95.550003,97.089996,89.640526,14236200
2017-10-06,97.550003,97.639999,96.470001,96.919998,89.483574,10231900
2017-10-09,96.959999,97.070000,96.139999,96.410004,89.012703,7765100
2017-10-10,96.459999,97.180000,96.239998,97.129997,89.677460,10631500
2017-10-11,96.830002,97.010002,96.139999,96.839996,89.409714,14283600
2017-10-12,97.300003,97.500000,95.620003,95.989998,88.624931,18251600
2017-10-13,95.480003,96.709999,94.959999,95.860001,88.504906,13190600
2017-10-16,96.339996,97.949997,96.339996,97.839996,90.332993,12434000
2017-10-17,98.070000,98.180000,97.320000,97.620003,90.129868,10335700
2017-10-18,98.150002,98.550003,97.629997,97.989998,90.471458,10158600
2017-10-19,97.190002,98.199997,97.089996,98.110001,90.582268,9133900
2017-10-20,99.279999,99.889999,98.730003,99.510002,91.874847,15326600
2017-10-23,99.510002,99.989998,99.239998,99.339996,91.717888,9238600
2017-10-24,99.879997,101.190002,99.760002,100.919998,93.176659,13000800
2017-10-25,101.250000,101.449997,100.190002,101.019997,93.268990,14632700
2017-10-26,101.349998,102.419998,101.320000,101.739998,93.933739,13054400
2017-10-27,101.430000,102.230003,101.050003,101.769997,93.961441,10400400
2017-10-30,101.129997,101.930000,100.870003,101.410004,93.629074,8839500
2017-10-31,101.370003,101.699997,100.570000,100.610001,92.890457,8690200
2017-11-01,101.099998,101.699997,100.730003,100.919998,93.176659,8418200
2017-11-02,100.870003,101.769997,100.160004,101.589996,93.795258,8731800
2017-11-03,101.099998,101.529999,100.730003,101.410004,93.629074,7103500
2017-11-06,101.339996,101.690002,100.660004,100.779999,93.047394,8121500
2017-11-07,100.559998,100.750000,98.250000,98.750000,91.173172,18822600
2017-11-08,98.269997,98.370003,97.150002,97.639999,90.148338,18524700
2017-11-09,97.120003,98.220001,96.809998,97.629997,90.139084,13697800
2017-11-10,97.809998,98.339996,97.500000,97.510002,90.028313,9314000
2017-11-13,96.690002,98.050003,96.620003,97.860001,90.351456,9303100
2017-11-14,97.339996,97.779999,96.849998,97.269997,89.806717,11043800
2017-11-15,96.389999,98.739998,95.949997,98.190002,90.656136,15384100
2017-11-16,98.529999,99.059998,98.309998,98.470001,90.914658,9808000
2017-11-17,97.820000,98.410004,97.570000,98.139999,90.609978,9017900
2017-11-20,98.449997,99.150002,97.760002,99.010002,91.413216,9483200
2017-11-21,99.500000,99.550003,98.910004,98.930000,91.339348,13389400
2017-11-22,99.029999,99.519997,98.589996,98.639999,91.071587,7342200
2017-11-24,98.830002,98.900002,98.260002,98.320000,90.776154,3680000
2017-11-27,98.309998,99.129997,97.930000,97.930000,90.416077,13076200
2017-11-28,98.209999,101.699997,97.970001,101.360001,93.582909,16773000
2017-11-29,102.410004,104.220001,101.959999,103.730003,95.771065,21105500
2017-11-30,104.739998,106.660004,104.040001,104.519997,96.500443,23945900
2017-12-01,104.900002,105.320000,102.199997,104.790001,96.749718,19683500
2017-12-04,107.730003,108.400002,106.769997,106.949997,98.744003,23576600
2017-12-05,105.580002,107.410004,104.120003,105.720001,97.608376,17193900
2017-12-06,105.550003,105.760002,104.529999,104.930000,96.878983,15476200
2017-12-07,103.949997,105.190002,103.730003,104.620003,96.592789,13371800
2017-12-08,104.750000,105.940002,104.339996,105.930000,97.802261,13506900
2017-12-11,105.720001,106.059998,105.309998,105.620003,97.516060,10591200
2017-12-12,106.910004,107.370003,105.540001,106.849998,98.651672,15508800
2017-12-13,106.699997,107.110001,105.480003,105.510002,97.414497,15020300
2017-12-14,106.120003,106.449997,104.639999,104.660004,96.629700,13034200
2017-12-15,105.790001,106.519997,105.199997,106.139999,97.996147,29350600
2017-12-18,107.190002,107.629997,106.480003,106.959999,98.753220,12713100
2017-12-19,107.349998,107.489998,106.440002,106.510002,98.337761,12149900
2017-12-20,107.599998,107.730003,106.089996,106.139999,97.996147,13091500
2017-12-21,106.589996,108.070000,106.559998,107.830002,99.556480,12323700
2017-12-22,108.199997,108.459999,106.809998,107.449997,99.205627,14573400
2017-12-26,107.199997,107.989998,106.400002,107.019997,98.808617,7403700
2017-12-27,106.669998,107.290001,106.669998,107.220001,98.993271,9496500
2017-12-28,107.400002,107.839996,107.160004,107.790001,99.519539,7440600
2017-12-29,108.089996,108.279999,106.940002,106.940002,98.734772,8925700
2018-01-02,107.629997,108.019997,106.809998,107.949997,99.667267,13578800
2018-01-03,107.860001,108.489998,107.480003,108.059998,99.768829,11901000
2018-01-04,108.360001,110.029999,108.199997,109.040001,101.198090,12953700
2018-01-05,109.260002,109.550003,107.779999,108.339996,100.548431,14155000
2018-01-08,108.150002,108.680000,107.699997,108.500000,100.696907,12466500
2018-01-09,108.720001,109.629997,108.489998,109.050003,101.207367,13292300
2018-01-10,109.470001,110.699997,109.389999,110.250000,102.321053,15834500
2018-01-11,110.669998,110.930000,110.050003,110.839996,102.868614,13676800
2018-01-12,111.650002,112.849998,110.839996,112.669998,104.567009,18884200
2018-01-16,111.510002,113.430000,111.070000,112.269997,104.195793,22703300
2018-01-17,111.889999,113.300003,111.309998,112.989998,104.864006,14940300
2018-01-18,112.760002,113.720001,112.269997,113.260002,105.114586,14572900
2018-01-19,113.940002,114.339996,112.800003,113.010002,104.882561,18785500
2018-01-22,112.660004,114.389999,112.500000,114.330002,106.107635,12475700
2018-01-23,113.669998,114.639999,113.349998,114.209999,105.996262,12320800
2018-01-24,114.860001,116.000000,114.660004,115.669998,107.351273,15904500
2018-01-25,116.040001,116.169998,115.080002,115.699997,107.379097,13510000
2018-01-26,115.699997,116.320000,114.959999,116.320000,107.954529,13883900
2018-01-29,116.019997,117.349998,116.019997,116.199997,107.843147,11679900
2018-01-30,115.529999,116.599998,114.980003,115.110001,106.831528,14279100
2018-01-31,115.650002,116.660004,115.160004,115.669998,107.351273,13141400
2018-02-01,115.769997,116.989998,115.480003,116.870003,108.464973,13800600
2018-02-02,116.489998,116.919998,114.089996,114.279999,106.061226,16477300
2018-02-05,113.000000,114.589996,103.980003,108.800003,100.975327,30097600
2018-02-06,106.849998,112.480003,106.610001,112.110001,104.047287,33114800
2018-02-07,111.550003,114.449997,111.150002,112.870003,104.752632,21878300
2018-02-08,113.110001,113.110001,107.839996,107.879997,100.121498,27425800
2018-02-09,109.099998,111.050003,106.230003,110.040001,102.126160,28188000
2018-02-12,111.169998,112.730003,110.070000,111.739998,103.703896,18043300
2018-02-13,111.320000,113.050003,110.800003,112.430000,104.344284,16358200
2018-02-14,112.629997,115.269997,112.529999,115.029999,106.757271,15186900
2018-02-15,115.739998,115.989998,114.220001,115.510002,107.202774,12130200
2018-02-16,114.550003,116.070000,114.500000,114.680000,106.432457,13214300
2018-02-20,114.650002,115.389999,113.970001,114.709999,106.460304,13461500
2018-02-21,115.000000,117.449997,114.669998,115.190002,106.905785,14212500
2018-02-22,115.500000,116.430000,114.760002,114.980003,106.710884,17070400
2018-02-23,115.309998,117.389999,115.309998,117.309998,108.873314,12162500
2018-02-26,118.139999,118.900002,117.320000,118.769997,110.228325,16511200
2018-02-27,118.910004,119.330002,117.349998,117.360001,108.919724,17563300
2018-02-28,117.820000,118.489998,115.339996,115.500000,107.193489,17735600
2018-03-01,115.480003,116.639999,112.650002,113.430000,105.272369,18690000
2018-03-02,112.389999,113.559998,111.120003,113.320000,105.170273,18353700
2018-03-05,112.050003,115.930000,111.889999,115.059998,106.785126,13933000
2018-03-06,115.639999,115.820000,114.320000,115.160004,106.877937,10674400
2018-03-07,113.750000,115.099998,113.110001,114.730003,106.478867,13006500
2018-03-08,115.110001,115.230003,113.209999,114.739998,106.488152,11173700
2018-03-09,116.550003,118.080002,115.669998,118.040001,109.550812,15366600
2018-03-12,118.000000,118.750000,117.250000,117.660004,109.198143,12339300
2018-03-13,118.199997,118.470001,115.830002,116.250000,107.889549,13312300
2018-03-14,116.559998,116.589996,114.599998,114.949997,106.683037,12905100
2018-03-15,115.870003,116.000000,114.830002,115.239998,106.952179,8748000
2018-03-16,115.339996,116.599998,115.339996,115.440002,107.137802,19888900
2018-03-19,115.099998,115.449997,113.300003,114.529999,106.293251,13214900
2018-03-20,114.870003,115.449997,114.449997,114.639999,106.395332,9921200
2018-03-21,114.809998,116.629997,114.209999,114.739998,106.488152,13633000
2018-03-22,113.199997,113.599998,109.540001,109.949997,102.042625,22550400
2018-03-23,110.269997,110.919998,106.760002,107.010002,99.314072,23081500
2018-03-26,109.190002,111.160004,108.650002,110.309998,102.376740,20217500
2018-03-27,111.070000,111.690002,107.300003,108.169998,100.390640,18039900
2018-03-28,108.279999,109.169998,106.650002,108.000000,100.232872,19189300
2018-03-29,108.500000,110.779999,107.779999,109.970001,102.061203,13274600
2018-04-02,109.959999,110.730003,106.080002,107.849998,100.093658,18822500
2018-04-03,108.360001,109.500000,107.260002,109.330002,101.467232,14050700
2018-04-04,107.099998,111.209999,107.019997,110.989998,103.007835,15302600
2018-04-05,111.629997,112.830002,111.389999,111.879997,104.360382,16627000
2018-04-06,110.550003,111.550003,107.820000,109.089996,101.757896,18906000
2018-04-09,110.010002,112.980003,109.889999,110.400002,102.979851,15974300
2018-04-10,112.129997,112.870003,111.419998,112.510002,104.948036,13951400
2018-04-11,111.660004,111.809998,110.519997,110.620003,103.185066,14503300
2018-04-12,111.559998,114.389999,111.500000,113.370003,105.750237,16435500
2018-04-13,115.019997,115.150002,109.050003,110.300003,102.886574,39152800
2018-04-16,110.940002,111.470001,109.790001,110.209999,102.802620,16580500
2018-04-17,111.370003,111.919998,109.989998,110.209999,102.802620,15501400
2018-04-18,110.529999,111.070000,108.889999,109.320000,101.972443,16081400
2018-04-19,109.529999,111.870003,109.500000,111.720001,104.211136,17911000
2018-04-20,112.300003,112.739998,110.879997,111.470001,103.977943,15584400
2018-04-23,111.570000,111.949997,110.629997,110.930000,103.474220,11285800
2018-04-24,111.750000,112.900002,109.589996,110.410004,102.989182,16453100
2018-04-25,110.269997,110.529999,108.599998,109.989998,102.597404,13548200
2018-04-26,109.970001,110.820000,109.339996,110.099998,102.700020,10299500
2018-04-27,109.550003,110.160004,109.129997,109.400002,102.047066,9384000
2018-04-30,109.750000,110.300003,108.750000,108.779999,101.468727,13744900
2018-05-01,108.449997,108.970001,107.540001,108.779999,101.468727,10503400
2018-05-02,108.110001,109.489998,107.730003,107.919998,100.666534,12162100
2018-05-03,107.589996,107.769997,105.180000,107.239998,100.032242,15379100
2018-05-04,106.430000,108.739998,105.980003,108.430000,101.142258,11967900
2018-05-07,108.760002,109.680000,108.360001,109.370003,102.019081,9356700
2018-05-08,109.529999,111.339996,109.279999,110.989998,103.530190,12543200
2018-05-09,111.440002,113.639999,111.029999,113.410004,105.787560,11368100
2018-05-10,113.190002,114.440002,112.750000,114.290001,106.608398,9159700
2018-05-11,114.489998,114.730003,113.669998,113.860001,106.207306,10253000
2018-05-14,114.110001,114.699997,113.739998,113.900002,106.244621,8710700
2018-05-15,113.910004,113.910004,112.570000,113.029999,105.433075,11536200
2018-05-16,112.889999,113.690002,112.629997,113.339996,105.722237,7571100
2018-05-17,113.199997,113.410004,112.199997,112.959999,105.367798,8617200
2018-05-18,112.750000,112.800003,110.839996,111.129997,103.660789,11806300
2018-05-21,112.050003,112.540001,111.919998,112.150002,104.612228,9441900
2018-05-22,112.349998,114.290001,112.290001,113.010002,105.414429,11507600
2018-05-23,112.510002,112.769997,111.120003,112.489998,104.929375,11453900
2018-05-24,112.139999,112.150002,110.120003,111.230003,103.754074,14084800
2018-05-25,110.459999,111.080002,110.199997,110.660004,103.222382,8283500
2018-05-29,109.180000,109.199997,104.959999,105.930000,98.810280,30643800
2018-05-30,107.639999,108.599998,106.650002,108.349998,101.067635,17490800
2018-05-31,107.949997,108.190002,106.419998,107.010002,99.817703,19808200
2018-06-01,108.339996,108.940002,107.800003,108.400002,101.114281,13594200
2018-06-04,108.989998,109.260002,108.269997,108.449997,101.160904,9415400
2018-06-05,108.239998,108.309998,107.070000,107.839996,100.591911,10415200
2018-06-06,108.660004,110.739998,108.480003,110.360001,102.942543,15453600
2018-06-07,111.180000,111.500000,110.029999,110.800003,103.352966,13444400
2018-06-08,110.620003,111.139999,110.059998,111.110001,103.642143,10383200
2018-06-11,111.120003,111.910004,110.769997,110.830002,103.380959,12642900
2018-06-12,111.139999,111.529999,109.519997,110.190002,102.783981,15294100
2018-06-13,110.459999,111.449997,109.580002,109.970001,102.578758,14979700
2018-06-14,110.279999,110.360001,107.779999,108.029999,100.769135,20487300
2018-06-15,107.800003,108.379997,106.269997,107.900002,100.647881,26028600
2018-06-18,107.260002,108.400002,106.690002,108.180000,100.909065,9786800
2018-06-19,106.900002,107.879997,106.599998,107.550003,100.321404,12707200
2018-06-20,108.180000,108.639999,107.440002,107.540001,100.312065,8876900
2018-06-21,107.099998,108.209999,106.529999,107.510002,100.284096,11048700
2018-06-22,108.160004,108.370003,105.510002,105.750000,98.642387,19478900
2018-06-25,105.660004,105.699997,103.959999,104.790001,97.746910,16907600
2018-06-26,104.709999,105.209999,103.110001,104.860001,97.812202,17086800
2018-06-27,104.680000,105.919998,103.230003,103.239998,96.301086,16276800
2018-06-28,103.680000,105.459999,103.510002,104.930000,97.877502,14491300
2018-06-29,106.680000,106.900002,104.150002,104.199997,97.196548,18972400
2018-07-02,103.720001,105.089996,103.379997,105.080002,98.017410,11130000
2018-07-03,105.410004,105.779999,103.519997,103.610001,96.646210,8311700
2018-07-05,104.129997,104.379997,103.529999,103.720001,97.274582,10723400
2018-07-06,103.120003,104.500000,102.199997,104.059998,97.593460,12173700
2018-07-09,104.709999,107.459999,104.709999,107.279999,100.613350,13900800
2018-07-10,108.019997,108.400002,106.529999,106.620003,99.994370,14575900
2018-07-11,106.309998,107.059998,106.209999,106.389999,99.778664,10186500
2018-07-12,107.419998,107.559998,105.970001,106.849998,100.210060,12456800
2018-07-13,107.300003,107.800003,105.139999,106.360001,99.750526,21289100
2018-07-16,107.050003,110.769997,106.980003,110.580002,103.708290,24662600
2018-07-17,110.690002,110.930000,109.750000,110.500000,103.633263,14821900
2018-07-18,110.419998,112.120003,110.199997,111.529999,104.599243,14244900
2018-07-19,111.059998,111.089996,109.730003,109.889999,103.061172,16775300
2018-07-20,110.000000,111.739998,109.779999,111.279999,104.364777,13578100
2018-07-23,111.059998,114.239998,110.930000,113.349998,106.306152,18140000
2018-07-24,113.550003,114.779999,113.419998,114.150002,107.056435,14000400
2018-07-25,113.879997,115.519997,113.379997,115.180000,108.022438,13329100
2018-07-26,115.419998,115.589996,114.580002,114.849998,107.712944,11897800
2018-07-27,115.180000,116.300003,114.809998,116.029999,108.819611,12802700
2018-07-30,116.279999,117.610001,116.059998,116.730003,109.476112,13411600
2018-07-31,117.080002,117.080002,114.820000,114.949997,107.806717,15843800
2018-08-01,115.750000,116.690002,115.279999,115.660004,108.472595,13531600
2018-08-02,114.570000,116.250000,114.330002,116.150002,108.932144,11058100
2018-08-03,116.000000,117.129997,115.940002,117.089996,109.813736,11016100
2018-08-06,116.790001,117.529999,116.180000,117.120003,109.841881,9857400
2018-08-07,117.739998,118.290001,117.330002,117.550003,110.245148,10562100
2018-08-08,117.330002,118.269997,117.279999,117.790001,110.470253,8997100
2018-08-09,117.510002,117.720001,116.699997,116.879997,109.616776,9694200
2018-08-10,115.500000,115.949997,114.680000,115.730003,108.538254,12630600
2018-08-13,115.559998,115.879997,113.820000,113.889999,106.812592,10336300
2018-08-14,114.269997,115.040001,113.650002,114.650002,107.525375,10597600
2018-08-15,113.820000,114.330002,112.970001,113.699997,106.634399,10152100
2018-08-16,114.349998,115.309998,114.300003,114.769997,107.637901,10118600
2018-08-17,114.639999,115.070000,114.300003,114.769997,107.637901,8505100
2018-08-20,114.589996,115.050003,114.110001,114.620003,107.497231,8618700
2018-08-21,115.370003,116.389999,114.879997,115.320000,108.153732,10976700
2018-08-22,115.309998,115.410004,114.779999,114.970001,107.825485,8314700
2018-08-23,114.959999,115.150002,114.430000,114.730003,107.600388,9265400
2018-08-24,114.980003,115.220001,114.449997,114.680000,107.553497,8845700
2018-08-27,115.220001,117.279999,115.169998,116.709999,109.457344,13768000
2018-08-28,117.000000,117.029999,115.970001,116.139999,108.922768,8302600
2018-08-29,116.349998,116.370003,115.360001,115.760002,108.566391,7221700
2018-08-30,115.589996,116.040001,114.980003,115.190002,108.031807,8991800
2018-08-31,114.830002,114.839996,113.820000,114.580002,107.459717,13065700
2018-09-04,114.339996,115.239998,113.629997,115.150002,107.994293,10174200
2018-09-05,115.000000,115.699997,114.250000,114.589996,107.469093,11462400
2018-09-06,114.500000,114.699997,113.500000,114.099998,107.009552,9877600
2018-09-07,114.500000,114.769997,113.629997,114.320000,107.215874,10955600
2018-09-10,114.849998,114.970001,113.660004,113.709999,106.643776,8276900
2018-09-11,113.540001,114.580002,113.180000,114.430000,107.319046,9333800
2018-09-12,114.250000,114.879997,112.849998,113.080002,106.052940,10800800
2018-09-13,113.370003,114.129997,112.669998,113.519997,106.465584,12470800
2018-09-14,113.809998,114.489998,113.230003,113.500000,106.446831,10337900
2018-09-17,113.790001,114.430000,113.300003,113.839996,106.765694,9561300
2018-09-18,114.330002,114.660004,113.559998,114.300003,107.197113,7944200
2018-09-19,114.440002,118.059998,114.440002,117.620003,110.310806,16052800
2018-09-20,118.500000,119.239998,118.080002,118.629997,111.258041,15590000
2018-09-21,119.129997,119.230003,117.739998,117.849998,110.526505,24788200
2018-09-24,117.760002,118.459999,116.430000,116.720001,109.466721,12492500
2018-09-25,117.040001,117.970001,116.320000,116.389999,109.157234,9308300
2018-09-26,116.750000,116.870003,114.660004,115.019997,107.872368,14023600
2018-09-27,115.419998,115.760002,114.160004,114.519997,107.403435,13283000
2018-09-28,113.650002,114.239998,112.519997,112.839996,105.827835,15815100
2018-10-01,113.370003,114.610001,113.040001,113.500000,106.446831,10146300
2018-10-02,113.360001,114.120003,112.809998,113.970001,106.887619,13753100
2018-10-03,114.940002,115.660004,114.480003,115.040001,107.891136,17142000
2018-10-04,114.550003,116.809998,114.209999,115.269997,108.863884,16357400
2018-10-05,115.830002,116.099998,114.019997,114.620003,108.250008,13777600
2018-10-08,114.250000,115.779999,113.349998,115.320000,108.911110,14370900
2018-10-09,114.669998,115.029999,113.669998,114.519997,108.155563,14069500
2018-10-10,114.699997,114.949997,111.470001,111.470001,105.275070,23086400
2018-10-11,110.970001,111.470001,107.379997,108.129997,102.120689,33705600
2018-10-12,110.370003,110.830002,105.599998,106.949997,101.006264,32075700
2018-10-15,107.199997,108.849998,106.320000,106.339996,100.430161,18903200
2018-10-16,107.160004,108.779999,106.730003,108.620003,102.583450,19302800
2018-10-17,108.379997,110.800003,108.230003,109.830002,103.726219,18794500
2018-10-18,109.019997,109.839996,107.809998,108.089996,102.082901,17582500
2018-10-19,107.650002,109.220001,107.269997,107.910004,101.912926,15234500
2018-10-22,108.150002,108.339996,106.110001,106.360001,100.449059,16199100
2018-10-23,104.199997,106.160004,103.699997,105.250000,99.400742,21407500
2018-10-24,104.760002,105.029999,102.910004,103.290001,97.549667,23168900
2018-10-25,104.180000,105.900002,103.720001,104.860001,99.032425,17464700
2018-10-26,104.000000,104.559998,102.730003,103.419998,97.672455,19174900
2018-10-29,104.459999,106.629997,103.699997,104.849998,99.022972,18445200
2018-10-30,105.709999,106.980003,104.860001,106.699997,100.770157,18019700
2018-10-31,108.080002,110.480003,107.790001,109.019997,102.961227,20860000
2018-11-01,109.620003,110.220001,108.320000,108.980003,102.923454,13065000
2018-11-02,109.900002,110.809998,107.489998,108.379997,102.356796,19009200
2018-11-05,108.610001,109.290001,108.419998,109.089996,103.027336,10276400
2018-11-06,108.669998,109.669998,107.760002,109.599998,103.508987,10825000
2018-11-07,110.370003,111.730003,109.349998,111.480003,105.284508,12679600
2018-11-08,111.010002,112.930000,111.000000,112.379997,106.134499,11662500
2018-11-09,112.230003,112.360001,110.830002,111.290001,105.105072,10432200
2018-11-12,111.419998,111.940002,108.599998,108.949997,102.895119,13279700
2018-11-13,109.099998,111.120003,109.099998,109.589996,103.499535,13746100
2018-11-14,110.230003,110.709999,105.980003,107.330002,101.365150,18361400
2018-11-15,108.239998,110.080002,106.809998,110.070000,103.952873,19100000
2018-11-16,109.449997,110.760002,108.550003,109.989998,103.877319,13798600
2018-11-19,109.959999,111.199997,109.529999,110.830002,104.670631,13987000
2018-11-20,109.779999,110.489998,107.980003,108.449997,102.422897,18936200
2018-11-21,109.029999,109.610001,107.639999,107.639999,101.657921,10619600
2018-11-23,106.739998,107.389999,106.059998,106.650002,100.722946,6488400
2018-11-26,107.720001,109.980003,107.449997,109.260002,103.187897,13948300
2018-11-27,108.760002,110.029999,108.629997,109.720001,103.622322,9238200
2018-11-28,109.800003,111.400002,108.870003,110.940002,104.774521,13977300
2018-11-29,110.269997,110.800003,109.639999,110.059998,103.943428,11144300
2018-11-30,109.849998,111.320000,109.580002,111.190002,105.010635,18652700
2018-12-03,112.379997,112.889999,111.739998,112.239998,106.002266,16034500
2018-12-04,111.599998,111.599998,106.730003,107.230003,101.270706,23555900
2018-12-06,105.010002,105.360001,102.879997,105.190002,99.344086,27213900
2018-12-07,105.160004,106.980003,102.910004,103.290001,97.549667,19248600
2018-12-10,102.870003,103.489998,99.279999,101.360001,95.726936,23636400
2018-12-11,103.129997,103.660004,100.209999,100.370003,94.791954,16860700
2018-12-12,101.660004,102.900002,100.059998,101.019997,95.405823,22621500
2018-12-13,101.550003,101.970001,100.669998,101.120003,95.500275,17250900
2018-12-14,99.989998,101.940002,99.860001,100.290001,94.716393,19879500
2018-12-17,99.769997,100.559998,98.440002,99.010002,93.507538,25113500
2018-12-18,99.419998,100.889999,98.120003,98.540001,93.063644,20837200
2018-12-19,98.410004,100.580002,96.599998,97.290001,91.883118,28767900
2018-12-20,96.610001,98.279999,95.690002,96.449997,91.089798,31825200
2018-12-21,96.680000,98.430000,93.690002,94.169998,88.936508,41313900
2018-12-24,92.889999,94.220001,92.139999,92.139999,87.019333,17009300
2018-12-26,92.690002,95.959999,91.110001,95.959999,90.627022,22542900
2018-12-27,94.820000,97.150002,93.550003,97.040001,91.647011,20304700
2018-12-28,97.949997,98.320000,96.440002,96.830002,91.448685,17963300
2018-12-31,97.589996,98.809998,96.769997,97.620003,92.194786,13237200
2019-01-02,95.949997,99.779999,95.940002,99.309998,93.790855,15670900
2019-01-03,98.639999,98.889999,96.690002,97.110001,92.457924,16286400
2019-01-04,99.110001,100.930000,98.279999,100.690002,95.866432,16935200
2019-01-07,100.430000,101.470001,99.709999,100.760002,95.933067,15430700
2019-01-08,101.629997,101.820000,99.550003,100.570000,95.752174,13578800
2019-01-09,100.809998,101.489998,99.930000,100.400002,95.590324,14230300
2019-01-10,100.019997,100.730003,99.269997,100.389999,95.580795,14376100
2019-01-11,99.889999,100.169998,98.949997,99.910004,95.123795,15439900
2019-01-14,98.870003,101.360001,98.660004,100.940002,96.104446,21258500
2019-01-15,98.889999,102.470001,98.599998,101.680000,96.808998,26504900
2019-01-16,102.250000,103.449997,101.800003,102.500000,97.589714,18533000
2019-01-17,102.110001,103.500000,101.919998,102.919998,97.989594,14247600
2019-01-18,103.769997,104.900002,102.830002,104.589996,99.579597,16428700
2019-01-22,103.080002,103.589996,102.129997,102.940002,98.008629,17083700
2019-01-23,103.440002,103.699997,101.970001,102.680000,97.761093,12146700
2019-01-24,102.129997,103.089996,101.940002,102.739998,97.818207,11296800
2019-01-25,103.510002,104.309998,102.739998,103.389999,98.437073,14369400
2019-01-28,102.889999,104.239998,102.589996,103.879997,98.903610,12283100
2019-01-29,103.879997,105.110001,103.730003,104.169998,99.179703,9743300
2019-01-30,104.139999,105.239998,103.779999,104.410004,99.408226,12526300
2019-01-31,103.410004,103.800003,102.730003,103.500000,98.541809,17520600
2019-02-01,104.000000,104.849998,103.519997,103.879997,98.903610,13000800
2019-02-04,103.790001,104.250000,103.010002,104.250000,99.255875,9871500
2019-02-05,104.519997,104.550003,103.290001,103.790001,98.817924,12763000
2019-02-06,103.709999,104.620003,103.470001,103.739998,98.770309,8745000
2019-02-07,103.250000,103.500000,101.440002,102.379997,97.475464,13177500
2019-02-08,102.080002,102.339996,100.059998,101.360001,96.504333,12892600
2019-02-11,101.760002,102.010002,100.769997,100.879997,96.047325,10978500
2019-02-12,101.949997,102.919998,101.889999,102.599998,97.684929,12852300
2019-02-13,102.900002,103.849998,102.900002,103.089996,98.151451,10754100
2019-02-14,102.470001,103.099998,101.349998,102.419998,97.513550,11518500
2019-02-15,103.900002,105.699997,103.660004,105.550003,100.493599,14716900
2019-02-19,104.910004,105.370003,103.809998,105.180000,100.141327,12764900
2019-02-20,105.209999,105.800003,104.879997,105.690002,100.626900,10030300
2019-02-21,105.449997,105.989998,104.959999,105.470001,100.417435,8400100
2019-02-22,105.699997,106.089996,104.779999,105.000000,99.969948,10647300
2019-02-25,105.750000,107.269997,105.690002,106.099998,101.017258,11230700
2019-02-26,104.500000,105.470001,103.940002,105.290001,100.246063,15465400
2019-02-27,105.180000,105.379997,104.510002,105.160004,100.122292,9968800
2019-02-28,105.010002,105.209999,104.180000,104.360001,99.360611,15156900
2019-03-01,105.099998,105.910004,104.199997,104.430000,99.427261,13813300
2019-03-04,104.919998,105.919998,103.269997,104.190002,99.198753,12466300
2019-03-05,104.129997,104.550003,103.260002,104.110001,99.122574,10856600
2019-03-06,103.860001,104.570000,103.550003,103.720001,98.751274,9070800
2019-03-07,103.250000,103.470001,102.160004,102.970001,98.037201,12705700
2019-03-08,101.989998,103.230003,101.989998,103.010002,98.075287,10582400
2019-03-11,103.980003,104.550003,103.660004,104.349998,99.351097,9763200
2019-03-12,104.589996,104.790001,103.750000,104.040001,99.055946,10219100
2019-03-13,104.190002,104.980003,103.949997,104.389999,99.389175,13022200
2019-03-14,104.500000,105.870003,104.459999,105.339996,100.293663,10926500
2019-03-15,105.410004,106.800003,105.230003,106.550003,101.445694,24811700
2019-03-18,106.550003,107.790001,106.500000,107.190002,102.055038,12935500
2019-03-19,108.199997,108.400002,106.550003,106.800003,101.683723,12889300
2019-03-20,106.430000,106.650002,104.410004,104.519997,99.512947,14920700
2019-03-21,103.489998,103.489998,102.279999,102.870003,97.941994,19751000
2019-03-22,101.820000,102.320000,99.519997,99.760002,94.980965,31115200
2019-03-25,99.589996,100.570000,98.089996,98.930000,94.190735,21032300
2019-03-26,99.820000,100.400002,98.820000,99.919998,95.133316,15987100
2019-03-27,99.879997,100.449997,99.080002,99.580002,94.809601,12753200
2019-03-28,100.000000,100.800003,99.739998,100.709999,95.885468,12454100
2019-03-29,101.540001,101.989998,100.589996,101.230003,96.380562,14523400
2019-04-01,102.150002,104.680000,102.120003,104.639999,99.627197,17499300
2019-04-02,104.599998,105.440002,104.330002,105.139999,100.103249,10295400
2019-04-03,105.809998,106.360001,104.790001,105.349998,100.303192,11499200
2019-04-04,104.550003,105.730003,104.449997,105.559998,101.272156,11952100
2019-04-05,105.800003,106.110001,104.989998,105.309998,101.032318,9933700
2019-04-08,105.110001,105.650002,104.910004,105.650002,101.358521,8056300
2019-04-09,105.080002,105.199997,104.250000,104.870003,100.610184,9092200
2019-04-10,105.129997,105.720001,104.470001,105.339996,101.061096,10882300
2019-04-11,105.709999,106.730003,105.559998,106.230003,101.914955,11183800
2019-04-12,109.440002,111.849998,108.879997,111.209999,106.692657,25834100
2019-04-15,110.919998,111.000000,109.120003,109.940002,105.474251,15163800
2019-04-16,109.900002,111.389999,109.860001,111.099998,106.587120,11583200
2019-04-17,111.699997,114.660004,111.010002,114.300003,109.657150,17791900
2019-04-18,114.529999,114.949997,113.330002,113.459999,108.851273,12501900
2019-04-22,112.830002,113.930000,112.660004,113.599998,108.985580,7975900
2019-04-23,113.000000,114.370003,112.849998,113.739998,109.119896,9193100
2019-04-24,113.260002,114.150002,112.809998,113.550003,108.937607,9245700
2019-04-25,113.010002,114.150002,112.500000,113.610001,108.995171,9311800
2019-04-26,113.949997,114.580002,113.599998,114.470001,109.820236,7889300
2019-04-29,114.599998,117.160004,114.449997,116.120003,111.403214,14242200
2019-04-30,116.430000,116.720001,115.260002,116.050003,111.336067,11389100
2019-05-01,115.720001,117.000000,115.110001,115.160004,110.482216,10412900
2019-05-02,115.169998,115.779999,114.580002,115.410004,110.722061,8613300
2019-05-03,116.000000,116.680000,115.669998,116.120003,111.403214,8185400
2019-05-06,114.180000,115.470001,113.720001,115.089996,110.415054,9387000
2019-05-07,114.029999,114.029999,112.290001,113.209999,108.611420,15017700
2019-05-08,112.660004,113.669998,112.459999,112.610001,108.035789,9575800
2019-05-09,111.139999,112.739998,110.580002,112.519997,107.949448,12205900
2019-05-10,111.750000,112.839996,110.540001,112.510002,107.939857,13189000
2019-05-13,110.080002,110.449997,108.980003,109.449997,105.004150,13783700
2019-05-14,109.550003,111.720001,109.500000,110.320000,105.838814,10503600
2019-05-15,109.209999,110.900002,108.610001,109.900002,105.435875,10142000
2019-05-16,110.620003,112.169998,110.589996,111.309998,106.788597,9672700
2019-05-17,110.000000,111.750000,109.830002,110.769997,106.270531,9570100
2019-05-20,110.580002,111.809998,110.370003,111.349998,106.826973,8518200
2019-05-21,111.440002,111.919998,111.220001,111.730003,107.191544,7967900
2019-05-22,111.400002,111.790001,110.750000,110.820000,106.318504,7918900
2019-05-23,109.639999,109.790001,107.500000,108.639999,104.227058,14558000
2019-05-24,109.519997,109.959999,109.190002,109.709999,105.253593,8537300
2019-05-28,109.199997,109.830002,108.440002,108.519997,104.111923,11665500
2019-05-29,107.449997,108.400002,107.059998,108.220001,103.824120,9966400
2019-05-30,108.650002,109.180000,106.540001,107.059998,102.711235,10367800
2019-05-31,105.559998,106.589996,104.839996,105.959999,101.655922,10952800
2019-06-03,105.800003,106.860001,105.300003,106.459999,102.135605,11680700
2019-06-04,107.849998,109.900002,107.129997,109.739998,105.282364,12858600
2019-06-05,109.860001,110.379997,108.639999,110.129997,105.656525,8340500
2019-06-06,110.150002,110.870003,108.930000,110.370003,105.886787,8726700
2019-06-07,109.699997,110.019997,108.959999,109.160004,104.725937,10618900
2019-06-10,110.750000,111.209999,110.220001,110.339996,105.857994,11380600
2019-06-11,110.820000,111.570000,110.370003,110.680000,106.184189,9847700
2019-06-12,110.699997,110.900002,108.889999,109.269997,104.831459,9669000
2019-06-13,109.459999,110.160004,109.050003,109.540001,105.090492,8406900
2019-06-14,109.570000,110.300003,108.629997,109.820000,105.359116,9077400
2019-06-17,109.699997,110.370003,109.059998,109.220001,104.783501,8128600
2019-06-18,109.010002,111.410004,108.980003,110.709999,106.212967,11057300
2019-06-19,110.820000,111.589996,109.699997,109.910004,105.445473,13126500
2019-06-20,110.879997,111.089996,109.029999,110.190002,105.714104,13638000
2019-06-21,110.190002,111.669998,109.089996,109.440002,104.994560,27089500
2019-06-24,109.279999,109.769997,108.540001,108.660004,104.246239,13039600
2019-06-25,108.680000,108.980003,107.669998,107.760002,103.382805,18660100
2019-06-26,108.300003,109.309998,108.160004,108.480003,104.073555,10324600
2019-06-27,108.839996,109.550003,108.440002,108.839996,104.418930,10906600
2019-06-28,111.040001,112.430000,110.900002,111.800003,107.258698,21634700
2019-07-01,113.230003,114.519997,113.080002,113.680000,109.062325,12762500
2019-07-02,113.510002,114.199997,113.220001,113.800003,109.177460,10174900
2019-07-03,113.339996,113.870003,112.260002,112.820000,109.003548,6849400
2019-07-05,113.510002,114.269997,112.919998,113.489998,109.650879,7929400
2019-07-08,112.959999,113.480003,112.500000,112.870003,109.051849,6917200
2019-07-09,112.279999,113.489998,112.150002,113.349998,109.515617,8947300
2019-07-10,113.370003,113.830002,112.739998,113.019997,109.196777,9242300
2019-07-11,113.370003,114.360001,113.120003,114.099998,110.240250,11595200
2019-07-12,114.129997,115.349998,113.930000,115.300003,111.399651,10783400
2019-07-15,115.540001,115.570000,113.529999,113.900002,110.047005,12946600
2019-07-16,113.480003,115.500000,112.919998,115.120003,111.225746,16945000
2019-07-17,114.430000,114.940002,113.730003,113.989998,110.133965,13120900
2019-07-18,113.930000,115.070000,113.550003,114.669998,110.790955,9400700
2019-07-19,114.889999,115.120003,113.400002,113.540001,109.699196,10402800
2019-07-22,112.910004,114.449997,112.769997,114.269997,110.404495,9061100
2019-07-23,114.879997,116.449997,114.820000,116.360001,112.423790,12752200
2019-07-24,115.580002,116.879997,115.519997,116.830002,112.877899,10011000
2019-07-25,116.889999,117.239998,115.320000,115.709999,111.795784,10138400
2019-07-26,115.769997,116.510002,115.529999,116.220001,112.288528,12800400
2019-07-29,116.459999,117.180000,115.790001,115.849998,111.931053,8500400
2019-07-30,115.190002,116.080002,114.760002,115.589996,111.679840,7121100
2019-07-31,116.099998,116.180000,114.860001,116.000000,112.075974,13648000
2019-08-01,115.330002,116.800003,112.599998,112.940002,109.119492,15664500
2019-08-02,112.400002,113.430000,111.400002,112.930000,109.109825,11025500
2019-08-05,110.790001,110.980003,108.269997,109.570000,105.863487,15855300
2019-08-06,110.050003,110.500000,108.339996,110.430000,106.694389,10203500
2019-08-07,108.000000,108.279999,105.940002,108.029999,104.375580,17320900
2019-08-08,109.050003,110.080002,108.720001,109.860001,106.143684,10903300
2019-08-09,109.349998,110.449997,108.290001,109.739998,106.027725,9980800
2019-08-12,108.440002,108.510002,107.209999,107.680000,104.037422,8437200
2019-08-13,107.949997,110.330002,107.029999,109.339996,105.641266,12124700
2019-08-14,106.300003,106.910004,104.449997,104.800003,101.254845,19491800
2019-08-15,104.820000,106.379997,104.339996,105.199997,101.641304,13365600
2019-08-16,106.370003,107.980003,105.870003,107.720001,104.076073,11830600
2019-08-19,109.629997,109.750000,108.419998,108.690002,105.013260,8265400
2019-08-20,107.849998,108.440002,107.239998,107.309998,103.679939,8374000
2019-08-21,108.209999,108.430000,107.449997,107.610001,103.969780,8189300
2019-08-22,108.370003,109.269997,107.930000,108.720001,105.042244,9343400
2019-08-23,108.000000,108.779999,105.110001,106.019997,102.433571,14762300
2019-08-26,106.620003,106.989998,106.010002,106.870003,103.254829,8209500
2019-08-27,107.349998,107.559998,104.839996,105.739998,102.163040,14331800
2019-08-28,105.080002,107.209999,105.040001,106.800003,103.187187,10585500
2019-08-29,108.139999,109.889999,108.019997,109.220001,105.525330,10002200
2019-08-30,109.839996,110.559998,109.470001,109.860001,106.143684,10170300
2019-09-03,108.980003,108.989998,107.320000,108.559998,104.887650,9868800
2019-09-04,109.449997,110.220001,108.559998,109.870003,106.153336,6929200
2019-09-05,111.250000,113.720001,111.199997,112.370003,108.568764,13224700
2019-09-06,112.660004,112.980003,111.959999,112.610001,108.800644,7836600
2019-09-09,113.709999,116.059998,113.599998,115.400002,111.496269,13985100
2019-09-10,116.300003,117.269997,115.730003,116.870003,112.916542,14333100
2019-09-11,116.889999,117.199997,115.379997,117.190002,113.225716,9919200
2019-09-12,116.550003,118.470001,115.919998,117.910004,113.921364,12283500
2019-09-13,119.000000,120.400002,118.750000,120.230003,116.162880,16257200
2019-09-16,118.900002,119.870003,118.379997,119.160004,115.129074,11993900
2019-09-17,118.419998,118.610001,117.239998,118.570000,114.559036,10735400
2019-09-18,118.320000,120.080002,117.750000,119.760002,115.708778,10665600
2019-09-19,119.699997,120.339996,119.089996,119.379997,115.341629,9382600
2019-09-20,119.739998,120.339996,118.870003,118.900002,114.877869,21862800
2019-09-23,117.779999,119.120003,117.680000,118.879997,114.858543,9135100
2019-09-24,118.750000,119.260002,117.040001,117.330002,113.360985,11696500
2019-09-25,117.269997,118.360001,117.120003,118.000000,114.008316,9389400
2019-09-26,117.879997,118.050003,116.949997,117.029999,113.071129,9899200
2019-09-27,117.959999,118.639999,117.279999,117.720001,113.737785,10207800
2019-09-30,118.360001,118.769997,117.220001,117.690002,113.708801,9755000
2019-10-01,118.400002,119.000000,115.410004,115.550003,111.641190,11250300
2019-10-02,114.809998,114.900002,112.930000,113.250000,109.418999,12548700
2019-10-03,112.269997,112.910004,110.519997,112.190002,109.263184,12735200
2019-10-04,112.339996,114.940002,112.269997,114.620003,111.629784,9453100
2019-10-07,114.190002,115.500000,114.070000,114.370003,111.386307,6771600
2019-10-08,113.059998,113.059998,111.660004,111.820000,108.902824,10806300
2019-10-09,112.669998,113.160004,112.070000,112.629997,109.691689,7273700
2019-10-10,113.139999,115.400002,113.000000,114.209999,111.230476,10994100
2019-10-11,116.029999,117.989998,115.870003,116.139999,113.110123,15076500
2019-10-14,115.849998,116.870003,115.660004,116.449997,113.412041,8779000
2019-10-15,118.849998,121.589996,117.870003,119.959999,116.830467,23379000
2019-10-16,119.959999,120.620003,119.379997,119.680000,116.557777,11087700
2019-10-17,120.750000,121.570000,119.879997,120.349998,117.210289,10818500
2019-10-18,120.000000,121.019997,119.860001,120.559998,117.414818,10417400
2019-10-21,122.050003,123.769997,121.989998,123.550003,120.326820,12714600
2019-10-22,123.449997,125.099998,123.120003,124.790001,121.534462,12549100
2019-10-23,124.199997,125.150002,124.169998,125.120003,121.855858,8828300
2019-10-24,125.290001,125.660004,124.070000,125.029999,121.768204,8020500
2019-10-25,125.000000,126.650002,124.750000,126.029999,122.742111,9055700
2019-10-28,126.570000,127.209999,126.400002,126.510002,123.209595,9522200
2019-10-29,126.059998,127.419998,125.940002,126.430000,123.131683,9797300
2019-10-30,126.050003,126.260002,124.919998,125.730003,122.449944,8513300
2019-10-31,125.489998,125.730003,123.860001,124.919998,121.661072,11589000
2019-11-01,126.199997,127.989998,126.019997,127.800003,124.465942,11682600
2019-11-04,129.080002,129.419998,128.559998,128.820007,125.459328,9159900
2019-11-05,129.389999,130.300003,128.839996,129.100006,125.732025,13747600
2019-11-06,128.690002,129.839996,128.580002,129.300003,125.926811,11231100
2019-11-07,130.429993,131.289993,129.919998,130.000000,126.608543,13528900
2019-11-08,129.880005,130.399994,129.250000,130.380005,126.978630,9293400
2019-11-11,129.600006,130.100006,129.350006,129.919998,126.530624,8679000
2019-11-12,129.630005,130.619995,129.009995,129.160004,125.790459,9099000
2019-11-13,128.130005,128.820007,127.419998,128.479996,125.128197,8023300
2019-11-14,127.720001,128.839996,127.589996,128.600006,125.245071,8483400
2019-11-15,129.229996,129.529999,128.399994,129.529999,126.150795,10163600
2019-11-18,129.559998,130.649994,128.990005,130.619995,127.212372,8749300
2019-11-19,130.990005,131.250000,130.179993,130.580002,127.173401,8824500
2019-11-20,130.300003,130.619995,128.940002,129.630005,126.248207,11782800
2019-11-21,130.000000,130.720001,129.389999,129.929993,126.540367,7705100
2019-11-22,130.149994,131.220001,130.100006,130.789993,127.377937,8167900
2019-11-25,131.250000,132.070007,130.869995,131.490005,128.059677,10068500
2019-11-26,131.820007,131.820007,130.360001,131.669998,128.234970,10490700
2019-11-27,132.289993,132.429993,131.649994,132.059998,128.614807,6607900
2019-11-29,131.869995,132.410004,131.449997,131.759995,128.322617,5712000
2019-12-02,132.309998,132.740005,131.350006,131.470001,128.040176,8615600
2019-12-03,129.770004,129.960007,128.589996,129.779999,126.394279,10361300
2019-12-04,130.380005,132.470001,129.990005,132.339996,128.887497,10318200
2019-12-05,132.679993,133.309998,132.179993,133.059998,129.588730,9587400
2019-12-06,134.690002,135.779999,134.649994,135.039993,131.517059,10170600
2019-12-09,134.630005,135.460007,134.410004,134.410004,130.903488,8498200
2019-12-10,133.250000,134.770004,132.880005,134.500000,130.991150,7532900
2019-12-11,134.289993,135.020004,134.009995,134.179993,130.679489,9011900
2019-12-12,134.490005,138.470001,134.210007,138.020004,134.419327,13717400
2019-12-13,137.949997,138.830002,136.220001,136.809998,133.240875,10592100
2019-12-16,138.380005,138.839996,137.320007,137.339996,133.757050,11372000
2019-12-17,137.729996,138.669998,137.229996,138.179993,134.575134,11546800
2019-12-18,138.149994,139.020004,137.720001,138.039993,134.438782,10381500
2019-12-19,137.759995,138.220001,137.100006,137.350006,133.766800,9350400
2019-12-20,138.020004,138.880005,136.899994,137.240005,133.659668,29992600
2019-12-23,137.600006,137.910004,136.880005,137.199997,133.620712,9738400
2019-12-24,137.330002,137.630005,137.059998,137.580002,133.990799,3324300
2019-12-26,137.889999,139.100006,137.779999,139.039993,135.412704,6770900
2019-12-27,139.300003,139.770004,138.669998,139.139999,135.510101,7868200
2019-12-30,139.899994,140.080002,138.470001,138.630005,135.013397,6963000
2019-12-31,138.509995,139.479996,138.289993,139.399994,135.763306,7201600
2020-01-02,139.789993,141.100006,139.259995,141.089996,137.409225,10803700
2020-01-03,137.500000,139.229996,137.080002,138.339996,135.595917,10386800
2020-01-06,136.559998,138.270004,136.500000,138.229996,135.488098,10259000
2020-01-07,137.279999,137.860001,135.820007,135.880005,133.184723,10531300
2020-01-08,135.699997,137.580002,135.600006,136.940002,134.223694,9695300
2020-01-09,138.050003,138.229996,137.039993,137.440002,134.713776,9469000
2020-01-10,137.210007,137.250000,135.809998,136.070007,133.370956,10190900
2020-01-13,136.190002,137.199997,135.759995,137.199997,134.478531,12355200
2020-01-14,137.940002,140.759995,137.690002,138.800003,136.046799,24906000
2020-01-15,137.850006,138.600006,136.149994,136.720001,134.008057,16293400
2020-01-16,137.449997,137.899994,136.839996,137.250000,134.527542,10783800
2020-01-17,137.539993,138.289993,137.320007,138.199997,135.458694,14697700
2020-01-21,137.190002,138.070007,136.690002,136.839996,134.125671,8474200
2020-01-22,137.240005,137.399994,136.380005,136.679993,133.968842,7549100
2020-01-23,135.710007,136.740005,134.720001,136.539993,133.831619,9345700
2020-01-24,136.369995,136.429993,132.320007,133.149994,130.508865,15166400
2020-01-27,130.270004,132.940002,129.710007,132.029999,129.411087,12860500
2020-01-28,132.839996,134.970001,132.479996,134.429993,131.763474,13062800
2020-01-29,134.809998,135.539993,133.690002,134.229996,131.567444,9326000
2020-01-30,132.690002,136.130005,132.690002,135.889999,133.194519,9048900
2020-01-31,134.490005,134.830002,131.470001,132.360001,129.734528,12785200
2020-02-03,132.660004,134.240005,132.660004,133.369995,130.724503,10021100
2020-02-04,135.550003,136.600006,135.080002,135.289993,132.606400,9157100
2020-02-05,136.570007,137.729996,136.009995,137.589996,134.860794,10150700
2020-02-06,138.240005,138.289993,137.110001,137.610001,134.880402,8992300
2020-02-07,136.729996,137.669998,136.300003,137.169998,134.449127,6379800
2020-02-10,136.949997,137.850006,136.750000,137.740005,135.007828,5960700
2020-02-11,138.259995,138.820007,137.779999,138.000000,135.262665,6578600
2020-02-12,138.600006,139.289993,137.800003,138.000000,135.262665,7958000
2020-02-13,137.750000,138.339996,136.399994,137.880005,135.145050,7447500
2020-02-14,137.839996,138.190002,136.940002,137.460007,134.733383,6627600
2020-02-18,137.339996,137.710007,135.050003,135.639999,132.949478,8996400
2020-02-19,136.910004,138.389999,136.339996,137.490005,134.762787,7071200
2020-02-20,137.169998,138.360001,136.529999,137.490005,134.762787,7422800
2020-02-21,136.550003,136.919998,134.919998,135.809998,133.116104,9771900
2020-02-24,131.440002,133.199997,130.800003,132.160004,129.538513,13618400
2020-02-25,131.000000,132.229996,125.589996,126.260002,123.755539,20797200
2020-02-26,126.930000,128.949997,126.339996,126.639999,124.127998,24825600
2020-02-27,122.910004,125.620003,121.300003,121.370003,118.962532,22997200
2020-02-28,117.519997,118.489998,112.660004,116.110001,113.806870,45942600
2020-03-02,116.629997,121.580002,114.459999,121.519997,119.109550,27355400
2020-03-03,120.970001,122.949997,116.239998,116.959999,114.640007,32547700
2020-03-04,118.330002,120.190002,114.699997,119.849998,117.472679,25795900
2020-03-05,115.669998,116.430000,112.580002,113.970001,111.709320,25025600
2020-03-06,106.260002,110.320000,105.019997,108.080002,105.936150,38159400
2020-03-09,96.570000,99.230003,93.000000,93.440002,91.586548,40352000
2020-03-10,99.000000,101.279999,94.580002,100.699997,98.702538,31102700
2020-03-11,97.699997,100.050003,94.550003,95.959999,94.056557,38127000
2020-03-12,89.589996,96.959999,86.320000,88.050003,86.303459,49725200
2020-03-13,95.989998,103.989998,92.000000,103.910004,101.848869,38543300
2020-03-16,85.199997,93.980003,84.550003,88.360001,86.607307,38589700
2020-03-17,90.889999,97.440002,87.500000,93.760002,91.900200,35239800
2020-03-18,87.669998,90.790001,80.360001,83.889999,82.225975,41525600
2020-03-19,81.559998,88.110001,76.910004,85.300003,83.608009,32175100
2020-03-20,86.300003,89.459999,82.480003,83.500000,81.843719,30150800
2020-03-23,82.680000,83.750000,78.089996,79.029999,77.462379,32536600
2020-03-24,84.900002,90.099998,82.900002,88.430000,86.675926,34363200
2020-03-25,89.239998,95.150002,84.540001,91.730003,89.910469,38111700
2020-03-26,94.080002,98.570000,93.540001,98.120003,96.173721,29826300
2020-03-27,93.190002,94.839996,90.550003,91.129997,89.322365,30041500
2020-03-30,90.650002,94.089996,89.300003,93.500000,91.645363,21656900
2020-03-31,92.050003,94.169998,89.339996,90.029999,88.244186,23379300
2020-04-01,85.099998,86.559998,83.250000,84.360001,82.686653,28029600
2020-04-02,83.510002,87.910004,82.959999,87.510002,85.774170,24018000
2020-04-03,86.000000,87.480003,82.769997,84.050003,83.238884,21199400
2020-04-06,88.989998,90.989998,87.699997,89.459999,88.596664,26820800
2020-04-07,94.449997,94.500000,90.379997,90.639999,89.765282,22563800
2020-04-08,92.099998,94.860001,90.550003,94.300003,93.389961,22903300
2020-04-09,96.919998,104.389999,96.889999,102.760002,101.768318,42084700
2020-04-13,103.110001,103.110001,97.300003,98.190002,97.242424,26911900
2020-04-14,101.019997,102.000000,93.639999,95.500000,94.578377,46151300
2020-04-15,91.150002,92.029999,90.129997,90.790001,89.913834,30118600
2020-04-16,90.230003,90.570000,87.050003,87.330002,86.487228,32449600
2020-04-17,92.000000,95.699997,90.959999,95.180000,94.261467,30191900
2020-04-20,92.470001,94.709999,90.459999,91.709999,90.824951,23679400
2020-04-21,88.620003,91.379997,88.330002,89.050003,88.190628,23035000
2020-04-22,90.690002,91.870003,89.180000,89.339996,88.477821,16706000
2020-04-23,89.739998,91.279999,89.260002,89.389999,88.527344,16638800
2020-04-24,90.639999,91.099998,88.489998,90.709999,89.834602,15815300
2020-04-27,91.940002,95.629997,91.540001,94.620003,93.706879,22870200
2020-04-28,97.809998,98.360001,95.029999,95.290001,94.370407,20238900
2020-04-29,99.080002,99.449997,97.269997,97.860001,96.915604,20462600
2020-04-30,95.599998,96.839996,94.550003,95.760002,94.835876,19104600
2020-05-01,93.500000,93.739998,91.839996,93.250000,92.350090,18547700
2020-05-04,92.019997,92.669998,90.800003,92.139999,91.250809,15725900
2020-05-05,93.650002,94.209999,91.900002,92.000000,91.112160,18064100
2020-05-06,92.160004,92.760002,89.930000,90.269997,89.398849,20978000
2020-05-07,91.339996,92.910004,90.580002,91.209999,90.329781,16771900
2020-05-08,92.800003,94.080002,92.110001,92.699997,91.805397,20494900
2020-05-11,91.110001,91.110001,89.330002,89.970001,89.101746,31872000
2020-05-12,90.150002,90.790001,86.900002,87.029999,86.190117,27962900
2020-05-13,86.379997,86.860001,83.400002,84.029999,83.219070,35451600
2020-05-14,82.720001,88.110001,82.400002,87.519997,86.675385,35152500
2020-05-15,86.849998,87.279999,85.300003,85.900002,85.071030,26099000
2020-05-18,88.690002,91.150002,87.879997,90.449997,89.577110,30528700
2020-05-19,90.050003,91.199997,88.589996,88.669998,87.814293,19597300
2020-05-20,90.709999,92.389999,90.370003,91.330002,90.448624,20552400
2020-05-21,90.269997,91.760002,89.669998,90.169998,89.299812,14621400
2020-05-22,90.010002,90.360001,88.720001,89.470001,88.606575,13557900
2020-05-26,92.889999,97.500000,92.610001,95.820000,94.895294,41233900
2020-05-27,102.070000,102.580002,98.800003,101.370003,100.391731,39402000
2020-05-28,102.940002,102.949997,99.400002,99.860001,98.896301,24713900
2020-05-29,98.660004,99.180000,96.779999,97.309998,96.370911,26538200
2020-06-01,97.750000,99.510002,97.379997,98.599998,97.648460,15176800
2020-06-02,100.279999,100.419998,97.930000,98.930000,97.975281,21195000
2020-06-03,101.580002,104.919998,101.059998,104.269997,103.263741,25941100
2020-06-04,103.820000,106.610001,102.790001,106.440002,105.412804,26784700
2020-06-05,114.930000,115.769997,109.529999,111.230003,110.156578,42231000
2020-06-08,113.410004,114.190002,111.940002,113.449997,112.355148,24881800
2020-06-09,110.650002,111.629997,109.010002,110.540001,109.473236,17031100
2020-06-10,110.459999,110.510002,105.849998,106.059998,105.036469,24913300
2020-06-11,100.029999,101.580002,96.540001,97.209999,96.271873,36259200
2020-06-12,100.709999,101.129997,97.330002,99.870003,98.906212,24847900
2020-06-15,96.419998,101.430000,95.870003,101.250000,100.272888,22153600
2020-06-16,105.370003,105.680000,99.309998,102.059998,101.075073,22193600
2020-06-17,102.529999,102.540001,99.209999,99.480003,98.519974,15617300
2020-06-18,98.669998,100.519997,98.129997,98.940002,97.985184,16591900
2020-06-19,100.529999,100.599998,96.730003,97.809998,96.866089,40371200
2020-06-22,97.250000,97.949997,96.540001,96.750000,95.816315,16216900
2020-06-23,98.970001,99.970001,97.849998,97.930000,96.984932,15381400
2020-06-24,96.750000,96.839996,94.309998,94.660004,93.746490,22919800
2020-06-25,94.349998,98.209999,94.260002,97.959999,97.014641,25743600
2020-06-26,95.110001,95.370003,92.000000,92.589996,91.696457,41896300
2020-06-29,93.400002,94.489998,92.180000,93.000000,92.102509,18499700
2020-06-30,92.830002,94.660004,92.570000,94.059998,93.152275,19137000
2020-07-01,94.889999,95.709999,93.029999,93.260002,92.360001,18755700
2020-07-02,94.739998,94.959999,91.930000,92.660004,92.660004,27845600
2020-07-06,94.430000,95.199997,93.480003,95.000000,95.000000,18625300
2020-07-07,93.820000,94.099998,92.000000,92.320000,92.320000,25757200
2020-07-08,92.290001,93.339996,91.800003,93.300003,93.300003,18762200
2020-07-09,93.519997,94.120003,90.779999,91.279999,91.279999,25600800
2020-07-10,92.000000,96.839996,91.870003,96.269997,96.269997,28954200
2020-07-13,98.730003,99.269997,96.230003,97.650002,97.650002,32079200
2020-07-14,98.370003,99.949997,96.639999,98.209999,98.209999,42731700
2020-07-15,100.889999,101.290001,98.650002,99.730003,99.730003,22508400
2020-07-16,98.779999,101.220001,98.550003,100.010002,100.010002,16886900
2020-07-17,100.000000,100.080002,98.139999,98.160004,98.160004,16137700
2020-07-20,97.430000,98.389999,97.260002,97.300003,97.300003,14458100
2020-07-21,97.709999,100.050003,97.639999,99.410004,99.410004,17812300
2020-07-22,99.650002,100.129997,97.529999,98.690002,98.690002,14271200
2020-07-23,98.500000,99.349998,97.970001,98.980003,98.980003,12870200
2020-07-24,99.599998,99.800003,97.940002,98.279999,98.279999,12744200
2020-07-27,97.510002,97.629997,96.169998,96.900002,96.900002,11959100
2020-07-28,96.500000,97.889999,96.500000,97.320000,97.320000,11754300
2020-07-29,97.070000,99.709999,97.000000,99.680000,99.680000,12743500
2020-07-30,97.540001,97.739998,96.050003,97.019997,97.019997,14834800
2020-07-31,96.480003,96.930000,95.250000,96.639999,96.639999,14539500
2020-08-03,97.019997,97.570000,95.849998,96.099998,96.099998,12962800
2020-08-04,95.910004,95.949997,95.029999,95.550003,95.550003,13366200
2020-08-05,95.870003,98.470001,95.720001,97.209999,97.209999,15349700
2020-08-06,97.580002,98.099998,96.540001,97.239998,97.239998,10482100
2020-08-07,96.930000,99.489998,96.559998,99.379997,99.379997,14734400
2020-08-10,100.110001,102.040001,100.029999,100.639999,100.639999,14989900
2020-08-11,103.860001,106.160004,103.510002,103.820000,103.820000,31518600
2020-08-12,106.160004,106.430000,101.709999,102.940002,102.940002,19250200
2020-08-13,102.000000,103.360001,101.639999,102.370003,102.370003,13598600
2020-08-14,101.500000,103.309998,101.419998,102.410004,102.410004,12134400
2020-08-17,101.500000,102.000000,99.529999,99.709999,99.709999,14988000
2020-08-18,99.910004,99.910004,98.120003,98.320000,98.320000,13246500
2020-08-19,98.919998,100.589996,98.339996,98.550003,98.550003,13533000
2020-08-20,97.260002,98.029999,96.800003,97.370003,97.370003,13672600
2020-08-21,97.269997,98.570000,96.940002,97.320000,97.320000,12218900